word	living_rating	goals_rating	movement_rating	reproduction_rating	thought_rating	person_rating	animacy_mental_rating	animacy_physical_rating	R1	R2	R3	average_recall
abdomen	429	234	369	182	132	358	211	295	0.45	0.55	0.75	0.583
acrobat	685	546	616	596	585	604	586	648	0.2	0.35	0.45	0.333
actor	668	552	627	607	596	656	600	639	0.3	0.7	0.7	0.567
actress	696	564	646	625	648	663	640	673	0.25	0.65	0.7	0.533
addict	617	457	569	576	539	629	537	593	0.3	0.75	0.75	0.6
adolescent	696	452	589	482	571	656	580	614	0.4	0.55	0.6	0.517
adult	638	552	608	600	629	608	620	635	0.15	0.45	0.6	0.4
adversary	605	471	508	491	489	473	497	562	0.3	0.45	0.6	0.45
agency	248	473	293	286	331	300	389	273	0.25	0.4	0.7	0.45
agent	622	572	575	539	620	616	629	601	0.15	0.55	0.65	0.45
air	226	237	588	167	130	125	177	216	0.45	0.65	0.7	0.6
aircraft	120	404	585	163	148	121	228	151	0.4	0.6	0.8	0.6
airplane	121	257	654	171	129	168	182	154	0.4	0.55	0.6	0.517
airport	126	308	148	176	171	128	226	154	0.35	0.45	0.6	0.467
ale	187	170	262	182	112	176	154	180	0.45	0.55	0.6	0.533
alligator	679	313	579	648	384	215	322	667	0.5	0.5	0.6	0.533
almond	304	144	180	379	129	120	122	315	0.25	0.5	0.5	0.417
amateur	592	436	491	571	508	617	509	568	0.1	0.4	0.65	0.383
ambulance	104	312	678	152	126	164	195	137	0.4	0.65	0.75	0.6
ancestor	363	372	330	408	562	612	559	406	0.2	0.65	0.6	0.483
anchor	145	215	263	200	131	222	181	159	0.15	0.45	0.45	0.35
angel	288	514	600	274	432	400	486	316	0.5	0.6	0.65	0.583
animal	700	428	584	612	474	329	437	672	0.45	0.75	0.8	0.667
ankle	427	239	535	209	132	275	194	318	0.35	0.65	0.65	0.55
ant	667	330	612	629	309	211	271	634	0.35	0.7	0.8	0.617
antelope	684	369	629	609	444	226	388	672	0.3	0.55	0.65	0.5
apartment	111	239	139	148	104	152	167	119	0.35	0.6	0.7	0.55
ape	682	375	615	629	493	335	436	676	0.45	0.5	0.75	0.567
appendage	385	254	458	195	130	318	205	281	0.15	0.4	0.35	0.3
apple	419	164	254	396	144	188	146	381	0.5	0.6	0.75	0.617
appliance	111	289	215	128	158	129	219	131	0.3	0.45	0.65	0.467
architect	656	658	520	578	626	639	652	623	0.4	0.55	0.7	0.55
arm	504	275	562	175	125	446	227	325	0.55	0.75	0.85	0.717
armor	104	250	319	132	104	165	172	115	0.3	0.6	0.65	0.517
army	571	592	604	571	522	420	528	580	0.45	0.65	0.8	0.633
arrow	117	238	476	111	109	146	173	126	0.25	0.4	0.55	0.4
artery	496	350	323	154	115	245	218	323	0.3	0.55	0.7	0.517
artist	665	604	555	600	644	629	647	646	0.5	0.45	0.65	0.533
ass	542	196	538	485	325	331	291	516	0.85	0.95	1	0.933
astronaut	668	662	640	584	686	672	700	649	0.35	0.6	0.7	0.55
athlete	673	636	626	622	645	628	651	658	0.3	0.45	0.7	0.483
atmosphere	211	258	469	200	168	114	204	224	0.35	0.55	0.6	0.5
attorney	661	661	529	626	648	622	658	649	0.2	0.65	0.65	0.5
audience	658	492	444	511	584	572	585	608	0.4	0.5	0.6	0.5
aunt	700	438	484	600	664	643	625	677	0.35	0.55	0.75	0.55
author	681	612	526	589	650	644	658	650	0.2	0.45	0.65	0.433
automobile	146	315	600	137	141	138	208	160	0.3	0.55	0.5	0.45
autumn	173	200	246	162	109	108	154	171	0.55	0.55	0.55	0.55
avenue	132	219	164	129	122	123	176	136	0.3	0.4	0.65	0.45
baby	700	400	574	261	486	648	541	527	0.35	0.75	0.9	0.667
backbone	354	248	426	157	129	293	206	255	0.3	0.5	0.7	0.5
bacon	167	173	252	196	107	154	146	174	0.65	0.7	0.9	0.75
bacteria	638	356	516	593	240	212	233	582	0.35	0.35	0.6	0.433
badge	100	191	152	176	123	175	168	128	0.4	0.6	0.6	0.533
ball	120	163	577	159	100	135	137	150	0.3	0.35	0.35	0.333
ballerina	683	560	658	600	639	635	633	660	0.5	0.75	0.75	0.667
balloon	104	185	523	154	121	121	158	144	0.25	0.65	0.7	0.533
banana	421	168	233	388	119	144	124	377	0.45	0.7	0.8	0.65
band	468	448	450	325	404	426	449	418	0.3	0.6	0.7	0.533
bandage	100	204	208	163	100	130	150	124	0.25	0.55	0.65	0.483
bandit	662	504	574	558	565	575	564	623	0.1	0.4	0.5	0.333
bank	116	388	148	168	169	180	252	134	0.45	0.5	0.55	0.5
banker	685	652	600	640	621	672	640	656	0.25	0.45	0.5	0.4
bar	129	167	187	148	144	119	176	151	0.35	0.7	0.75	0.6
barn	172	173	136	141	100	138	150	155	0.5	0.6	0.85	0.65
barrel	105	123	170	154	104	163	140	125	0.45	0.5	0.8	0.583
bartender	677	535	618	604	617	660	613	649	0.2	0.4	0.45	0.35
basement	108	156	152	146	112	129	151	128	0.45	0.65	0.7	0.6
basket	116	172	224	121	119	143	166	127	0.35	0.5	0.65	0.5
bass	354	242	474	441	204	200	199	377	0.35	0.65	0.6	0.533
bat	524	292	638	580	333	240	290	547	0.4	0.7	0.55	0.55
bay	208	185	256	200	112	138	150	201	0.55	0.5	0.7	0.583
beach	241	223	184	131	114	171	178	188	0.6	0.75	0.7	0.683
bean	385	132	277	356	112	142	114	349	0.5	0.8	0.85	0.717
beard	354	176	289	342	108	326	147	300	0.4	0.6	0.7	0.567
beast	638	304	596	577	350	246	309	611	0.4	0.55	0.65	0.533
beaver	654	313	662	626	368	244	316	642	0.4	0.55	0.65	0.533
bed	104	196	204	179	129	135	167	139	0.35	0.6	0.7	0.55
bedroom	132	229	100	138	117	163	179	129	0.3	0.55	0.8	0.55
bee	692	364	639	668	367	227	318	673	0.75	0.8	1	0.85
beer	125	174	252	165	121	193	166	140	0.55	0.65	0.75	0.65
beetle	648	248	584	641	245	163	196	620	0.35	0.45	0.5	0.433
beggar	662	493	548	600	600	595	583	643	0.35	0.55	0.65	0.517
beginner	543	471	409	533	535	439	520	555	0.15	0.15	0.45	0.25
bell	100	171	330	119	138	143	179	127	0.25	0.5	0.7	0.483
belly	428	223	338	196	150	313	214	309	0.35	0.45	0.4	0.4
belt	108	200	323	204	104	144	145	145	0.55	0.7	0.7	0.65
bench	100	165	152	167	120	121	155	133	0.45	0.6	0.65	0.567
beverage	135	185	225	135	158	138	195	152	0.2	0.3	0.6	0.367
bicycle	100	240	567	129	107	124	164	128	0.3	0.3	0.55	0.383
biologist	676	592	593	652	688	648	670	680	0.5	0.4	0.7	0.533
bird	667	350	664	608	375	224	330	646	0.5	0.6	0.75	0.617
biscuit	112	150	204	162	100	136	138	133	0.25	0.5	0.65	0.467
bishop	662	528	491	515	627	589	626	621	0.45	0.65	0.6	0.567
blackberry	392	148	257	377	128	152	128	361	0.3	0.55	0.7	0.517
blade	113	191	350	180	100	138	144	141	0.25	0.4	0.45	0.367
blanket	108	164	239	168	108	177	151	130	0.45	0.65	0.6	0.567
blaze	171	196	511	192	123	136	159	190	0.4	0.4	0.55	0.45
blood	404	296	540	367	146	350	201	345	0.65	0.75	0.85	0.75
bloom	408	222	317	283	131	160	164	338	0.15	0.6	0.7	0.483
blossom	504	204	346	444	156	162	153	450	0.35	0.6	0.6	0.517
blouse	104	121	281	134	108	193	148	120	0.3	0.6	0.65	0.517
blueberry	435	188	230	419	124	156	129	392	0.5	1	0.75	0.75
bluejay	681	300	633	570	354	222	310	638	0.45	0.75	0.7	0.633
boat	127	281	532	130	100	131	171	136	0.5	0.6	0.7	0.6
body	619	343	617	475	319	483	343	528	0.4	0.65	0.6	0.55
bomb	118	283	338	160	148	144	206	145	0.45	0.7	0.65	0.6
bone	348	207	332	236	136	324	193	272	0.25	0.5	0.55	0.433
book	148	195	233	133	122	146	172	147	0.2	0.4	0.55	0.383
boot	100	180	414	150	113	160	157	129	0.35	0.4	0.55	0.433
border	112	279	150	156	117	157	186	123	0.15	0.35	0.6	0.367
boss	673	596	604	664	652	637	641	674	0.55	0.75	0.85	0.717
bottle	100	210	304	129	108	121	161	121	0.25	0.3	0.45	0.333
boundary	108	263	184	152	122	164	187	123	0.2	0.3	0.45	0.317
bouquet	348	237	220	200	108	131	161	273	0.25	0.4	0.4	0.35
bowl	104	176	270	114	110	150	161	116	0.35	0.65	0.7	0.567
box	122	155	216	152	100	104	137	140	0.4	0.75	0.7	0.617
boxer	673	523	619	555	541	581	551	621	0.4	0.6	0.7	0.567
boy	692	492	636	391	617	667	640	594	0.55	0.6	0.7	0.617
boyfriend	692	500	604	616	584	693	583	649	0.6	0.65	0.8	0.683
bra	100	196	296	152	113	242	173	114	0.45	0.8	0.9	0.717
bracelet	110	170	270	122	107	113	151	126	0.35	0.55	0.6	0.5
brain	550	441	329	229	596	404	608	486	0.15	0.35	0.5	0.333
branch	429	188	340	233	115	160	153	333	0.55	0.5	0.6	0.55
brat	608	379	588	460	461	575	472	542	0.25	0.65	0.7	0.533
bread	156	135	200	167	132	174	164	164	0.45	0.75	0.75	0.65
breakfast	141	171	215	154	113	150	156	148	0.3	0.55	0.7	0.517
breast	446	217	305	208	148	389	219	311	0.55	0.6	0.7	0.617
breath	263	329	448	150	132	316	230	196	0.2	0.35	0.65	0.4
breeze	165	169	615	161	136	143	167	185	0.2	0.65	0.65	0.5
brick	115	217	196	168	120	156	171	136	0.3	0.45	0.75	0.5
bride	700	565	544	600	600	670	611	649	0.35	0.55	0.7	0.533
bridge	130	176	177	104	140	121	183	136	0.35	0.4	0.5	0.417
broccoli	465	150	252	354	135	188	144	391	0.4	0.6	0.6	0.533
brook	217	162	438	140	117	184	163	190	0.4	0.45	0.7	0.517
broom	123	200	371	146	113	132	160	142	0.35	0.5	0.55	0.467
brother	696	476	589	608	592	633	577	659	0.6	0.65	0.8	0.683
brunette	631	385	474	584	570	616	541	614	0.45	0.65	0.65	0.583
brush	165	246	304	150	115	164	177	157	0.15	0.25	0.35	0.25
bubble	136	137	464	165	108	148	139	158	0.4	0.5	0.65	0.517
bucket	100	145	209	104	124	152	167	114	0.3	0.7	0.8	0.6
buddy	638	491	576	615	573	616	562	625	0.25	0.45	0.7	0.467
bug	692	300	538	619	279	185	242	639	0.25	0.5	0.7	0.483
builder	648	623	577	592	581	605	602	619	0.3	0.7	0.7	0.567
building	104	267	158	193	112	154	172	130	0.25	0.55	0.6	0.467
bulb	113	235	208	271	104	150	145	161	0.25	0.5	0.55	0.433
bull	675	313	644	609	363	273	319	642	0.25	0.6	0.65	0.5
bullet	120	200	564	171	114	115	152	157	0.5	0.65	0.8	0.65
bully	664	432	581	612	491	559	480	626	0.25	0.4	0.4	0.35
bum	585	327	444	452	485	480	469	544	0.35	0.5	0.8	0.55
bunny	696	271	672	609	381	207	314	671	0.35	0.7	0.75	0.6
bureau	172	354	200	200	169	212	243	175	0.45	0.65	0.75	0.617
burglar	696	569	623	560	520	600	549	624	0.45	0.65	0.7	0.6
bush	461	174	263	373	108	174	124	388	0.35	0.45	0.75	0.517
butler	669	539	573	572	604	659	610	629	0.2	0.25	0.4	0.283
butter	142	170	309	189	125	217	167	157	0.6	0.6	0.65	0.617
butterfly	626	312	608	612	288	216	255	601	0.4	0.55	0.6	0.517
button	117	204	281	125	104	152	162	123	0.2	0.25	0.35	0.267
buyer	678	513	534	526	622	576	615	636	0.45	0.5	0.55	0.5
cabbage	422	164	184	382	113	154	121	371	0.35	0.7	0.75	0.6
cabin	115	200	108	100	125	146	182	115	0.45	0.65	0.8	0.633
cabinet	104	175	183	113	135	122	177	123	0.25	0.5	0.45	0.4
cake	122	167	257	128	108	117	151	134	0.25	0.5	0.65	0.467
calf	684	271	591	442	391	219	353	612	0.4	0.65	0.6	0.55
camel	664	319	605	652	405	221	338	666	0.4	0.65	0.45	0.5
camera	115	263	365	119	126	154	192	126	0.3	0.5	0.55	0.45
camp	131	273	260	142	148	158	209	142	0.35	0.5	0.6	0.483
canary	693	268	613	627	381	200	310	674	0.4	0.7	0.6	0.567
cancer	385	314	396	531	144	240	163	392	0.35	0.55	0.65	0.517
candidate	640	641	543	588	600	635	625	612	0.55	0.75	0.7	0.667
candle	119	170	248	104	142	136	184	131	0.35	0.5	0.7	0.517
candy	119	150	218	152	107	138	146	136	0.4	0.65	0.55	0.533
cane	155	186	368	185	120	136	157	173	0.25	0.6	0.6	0.483
cannon	122	310	304	135	108	114	183	129	0.25	0.4	0.55	0.4
canoe	100	208	486	164	120	178	169	134	0.15	0.55	0.65	0.45
captain	696	597	626	633	680	600	662	690	0.4	0.5	0.65	0.517
captive	534	425	372	496	467	424	463	523	0.1	0.3	0.3	0.233
car	118	241	652	129	117	161	176	138	0.65	0.8	0.75	0.733
cardinal	683	396	557	608	384	315	361	639	0.5	0.5	0.5	0.5
carpenter	674	608	611	664	650	646	643	672	0.55	0.65	0.7	0.633
carriage	112	228	572	127	130	152	183	137	0.3	0.45	0.7	0.483
carrot	404	168	222	377	123	196	135	358	0.5	0.6	0.75	0.617
cart	104	196	484	135	100	105	146	132	0.25	0.3	0.7	0.417
cashier	620	583	588	633	616	638	615	625	0.25	0.45	0.4	0.367
cast	236	325	256	177	207	360	288	198	0.25	0.55	0.65	0.483
castle	135	197	127	174	104	164	155	141	0.5	0.55	0.5	0.517
cat	700	300	650	654	463	265	382	700	0.6	0.7	0.8	0.7
catcher	582	586	542	543	548	500	562	573	0.2	0.5	0.4	0.367
caterpillar	660	327	567	559	321	204	291	612	0.35	0.45	0.6	0.467
cathedral	117	288	123	173	111	162	181	128	0.45	0.7	0.75	0.633
cattle	681	304	587	635	400	272	341	662	0.2	0.4	0.55	0.383
cauliflower	504	162	221	381	107	154	118	415	0.45	0.65	0.65	0.583
cave	140	148	121	150	104	154	147	141	0.3	0.5	0.6	0.467
cavern	180	148	168	204	154	126	171	199	0.5	0.7	0.8	0.667
celery	521	158	220	378	122	140	127	430	0.35	0.4	0.5	0.417
cell	432	288	356	504	148	238	165	411	0.35	0.6	0.55	0.5
cellar	104	175	119	123	127	152	174	118	0.25	0.2	0.55	0.333
cereal	119	185	259	163	141	156	179	146	0.4	0.45	0.7	0.517
chair	104	207	263	131	100	173	161	113	0.35	0.6	0.6	0.517
chalk	100	182	262	146	117	124	159	128	0	0.2	0.4	0.2
champion	609	577	570	573	536	579	557	585	0.15	0.5	0.55	0.4
character	452	370	493	379	328	481	371	403	0.45	0.6	0.7	0.583
chauffeur	632	465	584	624	537	562	520	623	0.4	0.6	0.75	0.583
cheek	484	167	296	125	156	340	222	318	0.45	0.6	0.6	0.55
cheerleader	688	554	652	668	548	648	553	657	0.65	0.55	0.75	0.65
cheese	176	136	154	168	127	119	154	179	0.55	0.7	0.7	0.65
chef	692	611	608	618	654	619	651	672	0.5	0.5	0.7	0.567
chemist	644	646	600	608	611	636	631	626	0.2	0.65	0.85	0.567
cherry	485	146	238	386	152	129	143	424	0.65	0.55	0.9	0.7
chest	292	192	378	176	116	329	184	220	0.45	0.5	0.7	0.55
chick	692	250	588	444	307	408	309	569	0.45	0.45	0.65	0.517
chicken	670	280	613	638	300	283	261	631	0.45	0.65	0.7	0.6
chief	668	577	550	584	630	670	638	635	0.35	0.65	0.65	0.55
child	684	464	638	289	567	619	607	552	0.5	0.55	0.6	0.55
children	685	416	664	292	615	658	637	566	0.65	0.7	0.8	0.717
chimney	132	246	167	146	126	131	183	140	0.2	0.55	0.65	0.467
chimpanzee	658	324	622	618	460	344	402	653	0.25	0.65	0.8	0.567
chipmunk	700	354	640	633	357	185	309	670	0.35	0.4	0.55	0.433
chocolate	133	146	270	238	120	123	137	178	0.35	0.7	0.8	0.617
choir	556	530	529	425	571	493	586	533	0.2	0.45	0.75	0.467
chorus	438	421	488	277	377	481	437	375	0.15	0.4	0.75	0.433
church	172	389	183	188	214	219	288	180	0.6	0.75	0.8	0.717
cigar	108	138	264	132	111	173	153	123	0.3	0.6	0.65	0.517
cinnamon	150	146	222	185	121	129	149	169	0.45	0.5	0.6	0.517
circus	292	345	563	182	188	207	255	255	0.4	0.7	0.7	0.6
citizen	700	514	592	612	628	674	617	666	0.45	0.55	0.6	0.533
city	272	388	136	219	162	200	243	230	0.4	0.5	0.75	0.55
clam	593	227	336	513	173	159	161	523	0.45	0.45	0.6	0.5
clarinet	104	258	281	175	156	116	200	147	0.35	0.6	0.55	0.5
claw	222	227	392	172	130	148	178	206	0.2	0.55	0.65	0.467
clay	124	150	244	182	112	127	142	152	0.3	0.7	0.6	0.533
clerk	681	521	571	552	568	650	581	621	0.2	0.35	0.55	0.367
cloak	125	181	328	136	117	154	164	137	0.25	0.5	0.6	0.45
clock	119	275	404	119	111	156	184	124	0.5	0.35	0.6	0.483
closet	100	193	129	195	113	152	155	133	0.45	0.55	0.6	0.533
cloud	211	167	548	260	127	170	147	233	0.6	0.45	0.8	0.617
clove	370	174	197	309	117	150	138	322	0.3	0.4	0.6	0.433
clown	669	444	629	562	585	619	569	634	0.4	0.75	0.85	0.667
club	139	285	204	164	112	217	190	133	0.35	0.4	0.45	0.4
coach	616	578	571	568	608	600	615	605	0.4	0.45	0.55	0.467
coal	126	146	180	150	100	123	138	138	0.35	0.55	0.55	0.483
coast	172	204	238	141	138	144	184	167	0.5	0.65	0.6	0.583
coat	117	154	261	172	100	200	145	132	0.3	0.45	0.5	0.417
cobra	688	324	591	628	425	214	358	678	0.3	0.55	0.75	0.533
cocktail	108	246	275	188	127	165	180	139	0.35	0.7	0.7	0.583
coffee	172	236	304	213	100	156	152	177	0.25	0.45	0.5	0.4
coffin	136	181	135	188	100	189	149	143	0.4	0.55	0.65	0.533
coin	100	226	280	132	130	212	192	114	0.2	0.45	0.55	0.4
collar	104	209	222	150	108	180	165	118	0.4	0.5	0.55	0.483
colonel	673	571	568	627	608	648	610	648	0.45	0.8	0.7	0.65
comedian	669	583	589	604	608	663	619	637	0.35	0.45	0.4	0.4
commander	604	641	571	657	663	673	665	628	0.6	0.85	0.8	0.75
committee	500	546	460	413	455	465	501	465	0.45	0.75	0.7	0.633
communist	644	523	519	542	558	611	571	598	0.5	0.65	0.75	0.633
community	492	492	276	504	408	404	431	480	0.35	0.6	0.7	0.55
companion	627	474	488	617	608	607	584	629	0.3	0.55	0.65	0.5
company	265	496	285	290	379	305	430	295	0.3	0.35	0.5	0.383
compass	100	232	473	169	121	127	167	141	0.3	0.55	0.65	0.5
computer	150	339	236	196	267	165	306	197	0.3	0.5	0.5	0.433
conductor	656	509	519	596	613	665	607	631	0.35	0.8	0.7	0.617
congress	454	623	385	481	472	533	529	450	0.4	0.85	0.8	0.683
consumer	641	543	596	577	555	638	570	604	0.35	0.35	0.4	0.367
continent	235	200	208	152	115	159	168	196	0.2	0.5	0.6	0.433
contractor	604	635	536	596	627	674	647	598	0.45	0.5	0.65	0.533
convent	192	283	163	176	191	250	252	183	0.3	0.3	0.45	0.35
convict	636	383	536	530	556	641	542	595	0.45	0.45	0.65	0.517
cop	654	600	620	650	608	665	614	643	0.55	0.5	0.85	0.633
coral	487	226	252	404	158	123	162	429	0.65	0.75	0.75	0.717
cord	104	180	260	135	108	126	154	124	0.35	0.55	0.65	0.517
corn	491	180	292	418	120	164	125	424	0.3	0.35	0.5	0.383
corporal	622	496	552	520	629	513	608	615	0.45	0.75	0.75	0.65
corpse	125	150	117	208	104	531	185	101	0.3	0.5	0.65	0.483
corridor	113	188	126	138	116	132	164	126	0.4	0.5	0.5	0.467
costume	100	172	220	113	119	182	172	110	0.3	0.35	0.5	0.383
cottage	150	192	136	154	143	164	187	155	0.3	0.55	0.75	0.533
cotton	276	179	293	400	123	115	121	307	0.35	0.65	0.65	0.55
couch	112	164	169	138	108	148	153	124	0.4	0.5	0.8	0.567
cougar	684	363	677	636	428	270	374	672	0.4	0.45	0.8	0.55
county	152	296	142	177	163	150	221	164	0.35	0.4	0.55	0.433
court	252	400	193	196	346	219	389	263	0.3	0.55	0.7	0.517
cousin	700	421	542	650	591	628	556	677	0.35	0.45	0.65	0.483
cow	692	293	521	646	396	228	329	675	0.4	0.7	0.8	0.633
coward	671	404	538	570	572	561	542	640	0.3	0.55	0.6	0.483
cowboy	685	488	604	625	608	656	591	660	0.3	0.5	0.75	0.517
cowgirl	662	487	612	596	600	613	584	642	0.6	0.75	0.95	0.767
crab	650	256	563	629	325	222	268	631	0.35	0.5	0.7	0.517
cradle	104	212	323	148	104	125	155	127	0.25	0.45	0.5	0.4
crater	104	113	167	115	104	140	141	116	0.35	0.4	0.5	0.417
creator	681	612	524	559	640	528	641	652	0.45	0.6	0.75	0.6
creature	639	348	563	619	390	315	352	623	0.35	0.45	0.55	0.45
creek	242	204	538	183	104	129	148	222	0.2	0.45	0.7	0.45
crew	642	528	631	546	536	558	547	603	0.45	0.4	0.45	0.433
cricket	669	313	596	576	271	196	247	611	0.2	0.4	0.45	0.35
criminal	638	552	589	608	628	623	620	635	0.65	0.5	0.7	0.617
critic	657	564	504	571	656	622	651	637	0.2	0.3	0.55	0.35
crocodile	683	288	636	600	387	196	323	662	0.5	0.7	0.85	0.683
crook	617	477	548	585	554	579	545	604	0.25	0.4	0.55	0.4
cross	108	178	211	135	100	129	149	122	0.3	0.45	0.5	0.417
crow	684	342	636	648	365	258	319	660	0.35	0.55	0.6	0.5
crowd	627	425	600	554	454	467	448	591	0.4	0.5	0.7	0.533
crown	104	192	184	120	132	159	182	118	0.3	0.65	0.7	0.55
crumb	126	138	259	216	104	142	129	161	0.2	0.45	0.7	0.45
crutch	119	223	359	164	146	144	189	150	0.3	0.35	0.5	0.383
crystal	115	161	163	261	141	148	157	173	0.35	0.5	0.55	0.467
cub	661	268	523	335	348	231	340	550	0.3	0.5	0.65	0.483
cucumber	438	158	188	408	114	159	117	387	0.65	0.7	0.7	0.683
culture	275	392	322	258	273	270	327	273	0.25	0.5	0.5	0.417
cup	104	223	213	165	116	164	170	127	0.4	0.65	0.9	0.65
customer	692	548	571	592	630	656	629	655	0.15	0.45	0.6	0.4
dad	674	575	589	619	670	652	659	664	0.5	0.65	0.75	0.633
dagger	108	167	304	152	130	168	169	135	0.45	0.6	0.8	0.617
daisy	592	163	236	535	140	179	120	518	0.35	0.35	0.65	0.45
dancer	668	544	663	622	539	650	552	630	0.6	0.6	0.7	0.633
dandruff	192	148	296	226	125	183	152	202	0.45	0.5	0.6	0.517
dart	109	187	531	124	115	133	160	134	0.45	0.45	0.55	0.483
date	208	286	345	312	183	364	236	222	0.25	0.45	0.55	0.417
daughter	692	578	585	585	617	638	625	650	0.45	0.65	0.8	0.633
deck	127	169	205	109	122	152	171	128	0.25	0.5	0.55	0.433
decoration	108	204	212	131	117	115	166	126	0.25	0.4	0.5	0.383
deer	663	332	635	643	442	268	377	668	0.35	0.5	0.7	0.517
democrat	670	548	508	573	569	628	583	621	0.65	0.7	0.75	0.7
demon	368	388	458	288	367	256	390	367	0.65	0.8	0.85	0.767
dentist	681	607	569	648	671	636	661	676	0.3	0.45	0.65	0.467
deputy	632	595	577	636	625	624	623	635	0.25	0.5	0.75	0.5
desert	142	185	223	185	104	176	151	151	0.4	0.65	0.6	0.55
designer	640	591	538	584	612	600	618	622	0.25	0.4	0.45	0.367
desk	104	158	200	148	104	123	144	127	0.55	0.6	0.75	0.633
detective	663	658	600	604	670	684	685	645	0.25	0.45	0.7	0.467
device	104	333	286	146	163	156	233	131	0.3	0.4	0.75	0.483
devil	342	454	504	235	461	346	496	349	0.6	0.7	0.65	0.65
diamond	119	192	212	152	100	168	154	128	0.4	0.4	0.75	0.517
dictator	674	600	544	546	604	652	628	620	0.2	0.35	0.5	0.35
dime	118	188	307	170	100	196	153	133	0.45	0.45	0.45	0.45
diner	269	296	225	215	215	252	268	245	0.15	0.45	0.45	0.35
dinner	168	285	273	219	128	172	186	179	0.5	0.5	0.75	0.583
dinosaur	419	317	482	395	339	215	329	430	0.65	0.7	0.8	0.717
director	596	607	543	579	642	641	651	599	0.2	0.45	0.5	0.383
dirt	204	126	220	163	100	136	134	186	0.5	0.7	0.9	0.7
disease	424	321	420	470	138	204	165	398	0.4	0.75	0.7	0.617
ditch	130	162	140	141	104	138	149	134	0.25	0.45	0.8	0.5
diver	680	542	629	650	613	646	602	665	0.35	0.5	0.6	0.483
doctor	691	665	656	640	592	659	619	654	0.5	0.75	0.85	0.7
dog	696	335	620	672	442	288	375	691	0.7	0.9	0.85	0.817
doll	117	165	295	108	114	283	179	106	0.4	0.55	0.65	0.533
dollar	119	211	384	154	116	104	160	146	0.35	0.75	0.7	0.6
dolphin	696	408	637	622	519	265	456	697	0.35	0.55	0.85	0.583
donkey	681	279	588	608	415	281	352	659	0.35	0.6	0.6	0.517
donor	562	566	532	509	586	583	603	552	0.15	0.5	0.7	0.45
door	143	257	408	135	108	124	171	147	0.5	0.7	0.7	0.633
dope	231	193	346	185	230	208	251	235	0.4	0.7	0.8	0.633
dough	204	188	274	166	144	200	189	189	0.45	0.6	0.65	0.567
dove	673	296	655	604	340	229	293	640	0.5	0.65	0.65	0.6
dragon	358	381	604	381	341	168	340	400	0.35	0.6	0.7	0.55
dress	100	196	321	142	107	208	166	115	0.4	0.8	0.8	0.667
dresser	150	217	230	184	100	152	153	155	0.4	0.6	0.7	0.567
drill	104	231	404	152	150	160	197	139	0.45	0.6	0.55	0.533
driver	629	528	605	600	631	668	623	624	0.25	0.5	0.55	0.433
drug	179	261	246	174	108	144	170	169	0.55	0.45	0.55	0.517
drum	100	204	289	183	112	180	161	130	0.4	0.25	0.6	0.417
duck	669	335	616	665	326	254	285	646	0.3	0.65	0.75	0.567
dungeon	126	188	111	126	165	150	206	141	0.2	0.4	0.55	0.383
dust	124	127	404	152	100	152	134	143	0.35	0.55	0.6	0.5
dwarf	627	413	539	571	512	554	497	600	0.3	0.6	0.75	0.55
dynasty	250	391	208	254	242	236	302	250	0.4	0.65	0.65	0.567
eagle	672	392	644	648	419	227	367	670	0.3	0.45	0.6	0.45
ear	500	241	274	156	174	341	248	336	0.35	0.75	0.6	0.567
earth	468	327	522	242	152	217	218	358	0.3	0.5	0.75	0.517
egg	342	192	238	250	125	204	164	284	0.55	0.75	0.75	0.683
ego	232	444	248	223	231	342	324	211	0.2	0.35	0.55	0.367
elbow	492	209	516	150	144	424	227	321	0.45	0.6	0.7	0.583
electrician	673	608	504	633	643	628	642	658	0.25	0.45	0.55	0.417
elephant	700	300	563	622	400	192	332	679	0.35	0.6	0.6	0.517
elevator	105	200	556	192	135	150	168	156	0.4	0.5	0.6	0.5
elf	420	312	571	400	341	359	346	418	0.35	0.6	0.75	0.567
elk	681	292	610	640	438	235	360	682	0.55	0.85	0.95	0.783
elm	604	236	185	452	164	163	169	501	0.6	0.55	0.75	0.633
emerald	135	135	216	192	112	172	143	155	0.3	0.65	0.6	0.517
emperor	673	632	608	576	643	585	651	649	0.25	0.45	0.6	0.433
empire	312	481	230	259	274	224	345	291	0.2	0.55	0.55	0.433
employee	689	558	633	648	644	613	625	682	0.15	0.35	0.6	0.367
employer	662	596	524	592	619	586	622	640	0.45	0.5	0.45	0.467
enemy	634	510	531	627	595	495	566	646	0.2	0.5	0.5	0.4
engine	140	312	377	130	135	127	205	146	0.25	0.6	0.6	0.483
engineer	632	631	577	612	692	679	693	638	0.65	0.5	0.75	0.633
envelope	100	192	324	158	100	163	151	124	0.4	0.55	0.7	0.55
executive	552	656	623	596	604	577	621	577	0.4	0.5	0.65	0.517
expert	548	625	527	588	696	658	695	587	0.25	0.45	0.7	0.467
eye	516	363	605	136	178	324	278	346	0.45	0.6	0.7	0.583
face	436	223	465	123	192	420	270	293	0.35	0.35	0.8	0.5
factory	113	331	205	154	158	192	233	129	0.35	0.6	0.65	0.533
fairy	388	319	600	269	279	357	323	344	0.15	0.4	0.6	0.383
fall	154	184	320	163	135	162	175	165	0.35	0.4	0.5	0.417
family	676	575	579	533	585	604	604	621	0.55	0.8	0.9	0.75
fan	275	250	500	252	169	317	221	251	0.25	0.5	0.55	0.433
farm	272	400	167	292	121	154	196	247	0.35	0.6	0.75	0.567
farmer	697	600	626	628	585	650	599	655	0.2	0.6	0.6	0.467
fat	215	181	200	181	150	269	199	191	0.45	0.75	0.75	0.65
father	696	572	587	621	671	640	658	679	0.6	0.55	0.9	0.683
fawn	683	231	656	456	342	220	303	606	0.35	0.6	0.6	0.517
feast	129	292	204	172	121	161	189	139	0.35	0.5	0.6	0.483
feather	161	141	474	222	108	168	134	187	0.15	0.55	0.65	0.45
female	688	483	629	657	576	632	558	666	0.35	0.75	0.65	0.583
fence	104	184	167	152	119	141	163	127	0.3	0.4	0.7	0.467
fiddle	122	260	412	131	126	142	188	137	0.35	0.35	0.5	0.4
fighter	662	590	585	640	600	612	601	648	0.1	0.5	0.7	0.433
fin	360	216	470	173	119	122	166	286	0.35	0.7	0.75	0.6
finger	470	232	576	138	135	335	215	315	0.45	0.6	0.6	0.55
fireman	688	605	626	604	588	668	609	641	0.4	0.55	0.9	0.617
fireplace	119	254	154	100	126	154	196	114	0.2	0.45	0.4	0.35
fish	635	280	636	596	327	219	279	615	0.55	0.65	0.65	0.617
fist	412	236	512	158	108	326	191	280	0.25	0.6	0.7	0.517
flag	100	162	446	167	107	113	140	141	0.4	0.6	0.7	0.567
flask	118	162	267	108	119	123	162	129	0.25	0.6	0.5	0.45
flea	679	235	644	608	208	220	178	612	0.3	0.75	0.65	0.567
flesh	525	200	344	282	160	308	202	394	0.3	0.5	0.55	0.45
flood	138	207	538	200	114	152	155	170	0.35	0.45	0.6	0.467
flour	129	156	224	139	139	150	175	145	0.25	0.5	0.65	0.467
flower	624	238	271	554	128	209	130	530	0.5	0.45	0.7	0.55
flute	112	223	268	156	117	148	170	132	0.4	0.55	0.55	0.5
foe	584	477	471	607	532	521	518	591	0.45	0.75	0.7	0.633
fog	129	167	470	235	130	104	146	186	0.4	0.5	0.65	0.517
follower	648	404	572	567	584	528	547	636	0.3	0.4	0.45	0.383
fool	659	270	571	442	396	542	398	557	0.3	0.55	0.85	0.567
foot	522	262	592	131	115	414	219	324	0.3	0.4	0.4	0.367
forehead	488	152	438	144	135	377	202	321	0.45	0.5	0.45	0.467
forest	500	215	181	381	126	150	144	414	0.4	0.6	0.75	0.583
fork	100	223	375	115	121	111	174	123	0.25	0.55	0.75	0.517
foundation	168	367	160	152	154	155	236	159	0.2	0.5	0.6	0.433
fountain	107	177	381	150	124	164	166	135	0.2	0.55	0.65	0.467
fox	684	336	629	664	452	324	389	681	0.35	0.7	0.65	0.567
fraternity	342	413	392	295	338	411	393	323	0.2	0.75	0.75	0.567
fraud	250	314	292	190	239	217	288	240	0.3	0.3	0.55	0.383
freak	496	308	569	505	425	468	405	502	0.3	0.8	0.8	0.633
friend	650	558	587	513	614	663	632	602	0.4	0.65	0.75	0.6
frog	700	262	623	592	315	217	267	647	0.55	0.85	0.8	0.733
fruit	567	165	293	465	127	164	120	482	0.3	0.7	0.95	0.65
fugitive	696	546	623	574	552	617	567	637	0.2	0.4	0.6	0.4
fungus	522	324	263	604	154	154	152	498	0.4	0.5	0.75	0.55
fur	216	142	291	204	125	135	148	214	0.35	0.6	0.7	0.55
furniture	112	244	236	164	117	148	174	132	0.2	0.6	0.7	0.5
gal	654	419	582	608	588	671	564	634	0.5	0.65	0.75	0.633
galaxy	348	312	412	296	167	143	206	319	0.45	0.65	0.95	0.683
gang	596	430	552	496	475	496	479	556	0.3	0.65	0.45	0.467
gangster	657	548	656	609	613	636	608	641	0.25	0.7	0.7	0.55
garden	470	317	152	415	136	130	167	406	0.5	0.75	0.8	0.683
garlic	380	138	233	400	114	126	108	361	0.45	0.6	0.55	0.533
gavel	136	177	314	170	118	148	157	155	0.3	0.65	0.65	0.533
gazelle	640	318	659	578	346	169	299	622	0.4	0.7	0.85	0.65
gem	133	228	257	216	120	133	162	164	0.3	0.4	0.7	0.467
gender	200	237	271	218	196	468	265	180	0.4	0.5	0.8	0.567
genius	577	593	512	538	663	585	663	589	0.4	0.6	0.65	0.55
gentleman	665	529	567	664	627	650	608	663	0.3	0.65	0.75	0.567
germ	532	300	491	552	146	244	159	484	0.25	0.6	0.55	0.467
ghost	152	300	446	172	316	352	360	191	0.4	0.7	0.85	0.65
ghoul	315	235	504	204	252	293	285	286	0.45	0.75	0.8	0.667
giant	458	328	512	346	440	408	441	441	0.3	0.55	0.65	0.5
gift	154	331	289	167	100	123	178	151	0.05	0.3	0.45	0.267
giraffe	671	320	608	596	404	223	348	652	0.35	0.5	0.7	0.517
girl	693	505	607	636	557	667	557	651	0.6	0.75	0.7	0.683
girlfriend	684	542	617	626	626	679	620	659	0.4	0.7	0.7	0.6
glacier	186	196	360	200	121	135	158	194	0.2	0.4	0.55	0.383
glass	100	156	288	135	104	163	150	119	0.25	0.65	0.6	0.5
glove	104	215	265	157	104	180	162	121	0.4	0.55	0.7	0.55
goat	689	281	608	615	444	216	364	683	0.7	0.55	0.85	0.7
goddess	520	485	521	396	372	517	433	448	0.5	0.6	0.8	0.633
gold	104	263	187	132	130	148	194	119	0.45	0.65	0.75	0.617
goose	696	288	600	589	320	250	282	638	0.4	0.6	0.65	0.55
gorilla	665	377	604	640	508	322	444	676	0.6	0.8	0.75	0.717
government	420	616	293	259	448	381	528	373	0.5	0.65	0.9	0.683
governor	685	675	604	600	665	658	683	656	0.3	0.55	0.55	0.467
gown	128	168	286	116	123	146	168	135	0.35	0.3	0.55	0.4
grain	346	188	228	364	108	144	123	323	0.35	0.5	0.6	0.483
grandma	696	513	568	408	627	636	647	605	0.7	0.7	0.75	0.717
grandpa	672	527	540	465	615	676	637	599	0.45	0.75	0.85	0.683
granite	119	167	173	155	119	104	154	142	0.25	0.4	0.45	0.367
grape	461	177	228	379	109	136	120	393	0.6	0.7	0.75	0.683
grass	529	230	292	500	113	152	117	466	0.5	0.5	0.6	0.533
grasshopper	640	238	580	588	304	179	249	615	0.3	0.55	0.65	0.5
grave	108	184	129	138	146	196	194	124	0.35	0.5	0.6	0.483
gravel	114	132	300	112	116	115	151	131	0.5	0.4	0.65	0.517
gravy	107	158	304	143	104	125	144	130	0.35	0.45	0.6	0.467
groom	638	540	522	633	572	619	571	625	0.2	0.55	0.5	0.417
group	533	438	522	470	479	496	487	513	0.15	0.45	0.4	0.333
guard	670	508	540	558	632	600	619	641	0.35	0.45	0.65	0.483
guardian	648	586	500	586	619	563	618	633	0.45	0.7	0.75	0.633
guest	677	417	565	615	617	596	575	666	0.35	0.45	0.5	0.433
guide	456	529	535	425	485	483	518	455	0.15	0.3	0.45	0.3
guitar	116	220	389	160	113	137	163	141	0.25	0.6	0.7	0.517
gun	105	256	404	113	108	146	177	116	0.7	0.85	1	0.85
guy	688	525	619	610	633	674	624	660	0.35	0.7	0.7	0.583
gymnast	657	636	627	608	600	641	621	630	0.25	0.35	0.6	0.4
hail	130	216	596	152	122	185	174	150	0.3	0.5	0.65	0.483
hair	360	181	444	278	119	242	155	303	0.45	0.5	0.65	0.533
hallway	108	222	118	113	129	144	188	115	0.4	0.45	0.55	0.467
hammer	133	193	364	132	140	138	182	150	0.35	0.65	0.65	0.55
hand	500	250	587	164	152	342	229	343	0.5	0.65	0.55	0.567
handkerchief	100	204	223	114	131	158	185	115	0.2	0.55	0.75	0.5
hare	676	291	625	625	369	252	313	653	0.5	0.75	0.85	0.7
hat	115	125	275	124	119	164	156	129	0.5	0.55	0.65	0.567
hatchet	114	200	362	127	104	124	156	129	0.4	0.55	0.7	0.55
hawk	692	360	646	571	429	212	379	664	0.35	0.4	0.65	0.467
hay	217	132	204	256	104	152	124	220	0.35	0.7	0.65	0.567
haze	113	132	328	161	112	135	141	142	0.25	0.5	0.6	0.45
head	467	264	508	196	383	436	413	384	0.45	0.6	0.75	0.6
heart	613	345	463	173	171	325	265	404	0.4	0.55	0.7	0.55
heaven	272	412	204	178	178	165	262	228	0.45	0.75	0.65	0.617
hedge	438	148	192	360	104	115	110	376	0.35	0.4	0.6	0.45
heel	321	155	454	142	114	296	174	234	0.3	0.75	0.65	0.567
hell	185	187	163	122	113	189	172	154	0.55	0.9	0.75	0.733
helmet	150	175	221	191	113	135	149	166	0.5	0.5	0.6	0.533
helper	641	539	604	546	604	596	605	615	0.3	0.45	0.55	0.433
hen	654	345	587	600	381	177	330	641	0.45	0.7	0.8	0.65
herb	530	196	228	404	117	170	132	436	0.35	0.7	0.75	0.6
hero	635	574	641	584	619	636	623	621	0.2	0.7	0.6	0.5
heroine	467	496	500	458	512	500	527	478	0.5	0.55	0.6	0.55
highway	158	358	157	148	116	136	203	144	0.3	0.5	0.55	0.45
hill	142	128	136	158	120	150	152	151	0.45	0.55	0.7	0.567
hive	363	348	233	300	207	148	247	331	0.35	0.6	0.6	0.517
hobo	652	356	556	548	500	650	492	595	0.45	0.65	0.7	0.6
hoe	123	171	348	156	112	160	155	141	0.65	0.6	0.9	0.717
hog	673	307	556	632	433	188	357	676	0.4	0.55	0.7	0.55
honey	158	148	235	133	133	192	175	153	0.35	0.65	0.6	0.533
hook	104	175	163	167	115	165	159	128	0.15	0.55	0.5	0.4
horn	123	188	244	175	112	141	154	145	0.3	0.5	0.8	0.533
hornet	680	312	650	604	296	233	264	630	0.25	0.6	0.6	0.483
horse	683	352	615	650	412	291	361	667	0.7	0.65	0.75	0.7
hospital	183	350	137	192	138	160	214	174	0.55	0.7	0.8	0.68
host	642	477	572	526	524	588	534	591	0.3	0.4	0.55	0.417
hostage	696	490	412	536	608	645	608	633	0.35	0.6	0.55	0.5
hostess	692	550	632	626	619	648	613	665	0.3	0.55	0.7	0.517
hotel	119	285	150	163	148	169	211	136	0.35	0.5	0.7	0.517
hound	677	371	592	561	396	216	359	640	0.2	0.3	0.35	0.283
house	125	217	141	168	130	200	185	136	0.65	0.9	0.9	0.817
human	688	607	648	670	689	685	676	689	0.45	0.6	0.65	0.567
hurricane	173	258	663	174	163	219	215	187	0.35	0.55	0.75	0.55
husband	674	575	609	642	592	619	592	654	0.45	0.7	0.75	0.633
hut	100	200	174	169	121	180	170	125	0.4	0.5	0.65	0.517
ice	133	192	262	131	115	132	164	139	0.6	0.75	0.85	0.733
idiot	623	272	529	558	423	589	404	573	0.55	0.95	0.9	0.8
individual	612	500	630	630	592	604	573	623	0.2	0.5	0.6	0.433
infant	688	367	500	343	456	640	496	538	0.45	0.8	0.85	0.7
infection	435	313	421	396	115	172	156	380	0.3	0.55	0.6	0.483
inn	126	260	171	183	127	152	184	145	0.3	0.45	0.6	0.45
insect	652	300	604	615	278	244	248	610	0.6	0.65	0.65	0.633
instructor	665	600	588	574	617	664	634	627	0.15	0.45	0.45	0.35
instrument	100	283	362	126	117	121	184	120	0.25	0.4	0.45	0.367
intelligence	356	348	250	196	323	323	374	306	0.45	0.6	0.7	0.583
inventor	696	664	563	624	613	617	632	660	0.35	0.35	0.5	0.4
island	267	213	175	130	148	128	197	218	0.3	0.65	0.7	0.55
item	212	171	291	174	112	141	151	196	0.4	0.5	0.65	0.517
jacket	100	204	254	133	122	167	176	119	0.4	0.55	0.65	0.533
jail	122	288	108	154	135	129	199	135	0.6	0.65	0.6	0.617
jeep	108	256	596	168	104	157	163	139	0.55	0.7	0.75	0.667
jelly	123	138	328	165	120	129	147	152	0.45	0.8	0.85	0.7
jetV	119	263	662	142	150	152	203	153	0.55	0.75	0.75	0.683
jewel	104	180	236	125	129	165	177	121	0.4	0.45	0.6	0.483
journal	128	216	245	192	154	182	195	158	0.3	0.35	0.6	0.417
judge	665	604	492	559	654	633	663	633	0.35	0.65	0.8	0.6
jug	100	146	219	129	113	112	149	124	0.35	0.35	0.6	0.433
juice	116	174	275	161	104	156	149	135	0.2	0.45	0.6	0.417
jungle	395	196	279	350	164	200	177	356	0.3	0.65	0.65	0.533
junior	558	424	554	387	517	523	530	511	0.2	0.45	0.55	0.4
juryC	592	623	504	538	556	517	581	573	0.45	0.55	0.55	0.517
juvenile	656	419	656	474	532	617	538	587	0.3	0.8	0.85	0.65
kangaroo	675	278	623	656	404	243	330	674	0.35	0.45	0.65	0.483
keeper	522	508	404	471	467	486	494	496	0.1	0.45	0.65	0.4
kettle	100	213	246	116	104	140	164	111	0.35	0.55	0.6	0.5
key	109	291	296	185	108	126	171	136	0.3	0.7	0.7	0.567
kid	696	442	604	312	570	585	597	571	0.5	0.75	0.65	0.633
king	674	636	528	614	635	644	647	648	0.55	0.5	0.7	0.583
kingdom	235	423	152	274	221	223	288	239	0.25	0.55	0.7	0.5
kite	122	196	605	128	113	125	158	145	0.3	0.55	0.6	0.483
kitten	700	328	633	589	368	250	327	653	0.55	0.7	0.6	0.617
knee	454	229	560	208	123	356	196	321	0.4	0.6	0.6	0.533
knife	112	196	244	165	108	145	156	134	0.4	0.6	0.75	0.583
knuckle	408	200	400	110	104	321	188	261	0.2	0.35	0.5	0.35
labyrinth	121	229	173	162	175	114	211	156	0.25	0.5	0.7	0.483
ladder	100	313	283	132	116	130	192	115	0.2	0.5	0.7	0.467
lady	691	430	620	650	667	633	614	695	0.3	0.55	0.6	0.483
lake	319	183	330	232	131	126	158	281	0.65	0.7	0.8	0.717
lamb	692	300	577	552	316	238	287	624	0.65	0.6	0.7	0.65
lamp	100	213	224	135	114	160	171	116	0.35	0.65	0.85	0.617
landscape	348	231	131	204	138	123	182	281	0.2	0.4	0.55	0.383
lap	325	221	248	157	115	310	192	228	0.4	0.65	0.7	0.583
lawn	488	152	188	335	141	130	145	404	0.45	0.55	0.85	0.617
lawyer	652	610	633	638	600	639	609	639	0.6	0.7	0.9	0.733
leader	656	685	537	565	680	635	700	634	0.35	0.6	0.75	0.567
leaf	500	148	472	288	121	164	139	397	0.25	0.55	0.75	0.517
leg	521	314	581	132	150	315	245	343	0.65	0.7	0.7	0.683
lemon	435	193	262	435	129	156	131	399	0.5	0.7	0.8	0.667
lemonade	126	168	259	189	111	167	149	149	0.3	0.65	0.7	0.55
leopard	683	336	596	646	465	185	384	695	0.45	0.75	0.8	0.667
letter	116	223	315	140	126	144	179	134	0.15	0.5	0.7	0.45
lettuce	452	200	209	388	148	159	156	397	0.45	0.8	0.8	0.683
lever	112	289	438	117	116	108	184	127	0.35	0.5	0.65	0.5
liar	560	461	535	596	515	591	511	564	0.35	0.5	0.45	0.433
library	122	300	138	212	171	212	229	152	0.2	0.45	0.7	0.45
lieutenant	664	621	583	559	628	642	647	627	0.4	0.6	0.55	0.517
life	511	463	532	484	246	395	303	451	0.35	0.55	0.5	0.467
lightning	223	211	604	242	165	146	186	247	0.35	0.5	0.6	0.483
limb	486	248	504	172	132	364	216	326	0.35	0.8	0.65	0.6
lime	484	150	191	322	118	164	134	388	0.4	0.65	0.75	0.6
limousine	104	238	604	156	104	145	160	136	0.45	0.55	0.7	0.567
lion	692	304	587	575	438	204	371	670	0.55	0.55	0.7	0.6
lip	432	175	587	126	123	393	201	284	0.4	0.6	0.65	0.55
liquor	115	196	258	135	123	175	176	127	0.45	0.45	0.55	0.483
litter	188	130	352	204	192	136	195	220	0.4	0.7	0.65	0.583
liver	512	285	230	329	122	239	178	390	0.4	0.65	0.75	0.6
lizard	672	348	546	622	304	179	270	634	0.45	0.65	0.6	0.567
loaf	118	173	217	135	122	104	160	138	0.2	0.55	0.6	0.45
lobby	108	227	142	160	132	152	183	130	0.15	0.4	0.5	0.35
lobster	650	271	537	662	337	179	270	648	0.3	0.6	0.75	0.55
lock	100	237	190	165	107	144	165	123	0.35	0.5	0.55	0.467
lodge	108	219	129	126	124	135	180	120	0.4	0.45	0.6	0.483
log	168	168	204	183	100	117	137	172	0.45	0.6	0.75	0.6
lord	600	596	437	540	563	563	586	574	0.4	0.75	0.7	0.617
loser	576	288	491	508	563	516	512	578	0.3	0.4	0.6	0.433
lover	672	519	596	632	648	635	625	667	0.35	0.45	0.6	0.467
lunch	196	229	244	160	100	144	159	174	0.3	0.45	0.45	0.4
lung	524	258	396	226	181	308	241	380	0.25	0.45	0.65	0.45
macaroni	122	159	204	121	104	126	149	128	0.25	0.45	0.65	0.45
machine	126	255	389	192	184	142	220	173	0.4	0.5	0.5	0.467
mafia	508	522	558	396	526	560	563	478	0.45	0.6	0.65	0.567
magazine	105	270	257	183	104	152	168	129	0.2	0.3	0.45	0.317
magician	655	520	580	633	623	660	609	647	0.35	0.65	0.6	0.533
magnet	100	196	250	124	129	156	179	119	0.25	0.35	0.5	0.367
maid	663	504	600	630	596	644	584	646	0.4	0.5	0.8	0.567
mailman	692	614	618	576	644	623	652	656	0.2	0.6	0.7	0.5
majority	275	361	316	276	331	268	360	297	0.2	0.45	0.55	0.4
maker	460	454	468	388	458	464	485	443	0.35	0.6	0.7	0.55
male	650	460	608	638	609	581	573	656	0.55	0.75	0.9	0.733
mammal	663	426	619	644	491	458	460	651	0.35	0.7	0.7	0.583
man	688	568	646	667	616	688	613	669	0.45	0.7	0.7	0.617
manager	668	600	600	600	625	630	631	644	0.35	0.65	0.7	0.567
mansion	129	257	140	124	115	167	186	122	0.4	0.65	0.75	0.6
map	100	308	227	159	146	104	206	134	0.3	0.4	0.65	0.45
maple	404	181	242	388	104	142	115	363	0.3	0.6	0.85	0.583
marble	104	122	365	157	107	129	135	138	0.25	0.35	0.5	0.367
mare	675	308	592	558	400	244	351	639	0.45	0.55	0.6	0.533
marijuana	370	148	252	440	140	158	127	370	0.65	0.75	0.9	0.767
marine	523	527	564	530	550	515	553	539	0.15	0.5	0.65	0.433
market	168	340	257	207	179	181	241	185	0.5	0.55	0.55	0.533
mask	100	191	242	142	128	192	179	120	0.45	0.3	0.65	0.467
master	643	600	576	414	658	558	679	591	0.35	0.45	0.7	0.5
mate	665	546	492	609	576	573	574	638	0.45	0.6	0.75	0.6
mattress	127	177	219	133	125	150	170	137	0.25	0.5	0.8	0.517
mayor	663	588	550	648	609	658	613	646	0.25	0.7	0.65	0.533
maze	126	181	189	154	109	152	156	136	0.2	0.45	0.6	0.417
meadow	369	161	142	237	168	132	183	314	0.25	0.4	0.65	0.433
meat	227	133	212	232	116	185	142	218	0.55	0.7	0.85	0.7
mechanic	616	550	596	604	642	626	630	625	0.35	0.55	0.7	0.533
medicine	156	320	277	196	128	163	197	164	0.5	0.55	0.55	0.533
member	616	463	488	529	509	560	515	574	0.4	0.65	0.65	0.567
mermaid	427	264	544	327	333	419	350	391	0.35	0.6	0.55	0.5
microscope	119	319	177	192	108	148	182	136	0.5	0.6	0.65	0.583
midget	670	419	596	544	579	604	561	630	0.25	0.3	0.55	0.367
mildew	411	161	244	408	163	148	152	390	0.2	0.5	0.65	0.45
milk	167	142	236	159	104	140	141	165	0.5	0.55	0.65	0.567
mind	546	523	412	190	565	391	608	463	0.05	0.35	0.35	0.25
miner	675	515	617	625	600	617	586	656	0.45	0.65	0.55	0.55
minister	640	552	571	592	622	642	621	625	0.3	0.55	0.75	0.533
mink	526	200	536	496	307	180	257	525	0.3	0.65	0.85	0.6
minor	509	374	521	354	436	445	453	463	0.2	0.35	0.55	0.367
mirror	116	165	196	138	100	171	151	122	0.45	0.6	0.75	0.6
missile	126	412	596	146	133	129	223	144	0.55	0.55	0.6	0.567
mist	165	176	492	200	135	154	164	191	0.2	0.35	0.65	0.4
mister	615	428	500	517	486	658	504	554	0.15	0.5	0.65	0.433
model	454	374	507	531	542	604	521	496	0.3	0.45	0.65	0.467
molasses	167	132	258	152	119	144	151	168	0.25	0.45	0.7	0.467
mole	552	228	465	485	322	244	286	528	0.6	0.65	0.65	0.633
mom	654	612	587	672	613	583	606	660	0.7	0.9	0.9	0.833
monarch	665	520	496	620	560	468	541	653	0.45	0.3	0.55	0.433
monastery	152	308	170	168	226	218	281	171	0.35	0.55	0.6	0.5
monk	676	564	463	404	631	658	666	583	0.45	0.65	0.65	0.583
monkey	693	315	613	635	458	357	398	675	0.5	0.6	0.6	0.567
monster	469	278	552	320	288	331	310	411	0.3	0.45	0.6	0.45
monument	116	191	160	138	116	174	170	123	0.2	0.45	0.55	0.4
moon	275	252	517	157	139	150	193	236	0.3	0.5	0.65	0.483
moose	675	312	596	643	374	204	313	663	0.5	0.65	0.65	0.6
moron	624	256	504	508	324	569	333	532	0.35	0.65	0.55	0.517
mosquito	677	258	646	650	285	192	230	648	0.4	0.55	0.75	0.567
moth	665	222	596	623	267	152	208	634	0.3	0.65	0.75	0.567
mother	696	591	588	674	650	665	641	685	0.6	0.65	0.9	0.717
motor	137	281	464	162	150	136	204	162	0.25	0.6	0.6	0.483
mountain	204	215	142	185	136	178	185	189	0.45	0.7	0.75	0.633
mouse	670	285	650	625	389	258	327	656	0.45	0.6	0.75	0.6
mouth	513	324	546	145	173	372	270	340	0.2	0.5	0.6	0.433
movie	124	326	373	191	140	145	204	154	0.35	0.5	0.55	0.467
mud	135	128	208	188	118	176	148	155	0.6	0.65	0.65	0.633
muffin	160	158	300	163	110	127	146	167	0.3	0.4	0.65	0.45
mug	100	180	267	141	127	152	170	126	0.45	0.6	0.75	0.6
mule	652	270	556	532	363	270	322	606	0.25	0.5	0.65	0.467
mummy	143	168	223	171	150	436	217	128	0.3	0.45	0.65	0.467
murderer	625	521	588	592	600	631	595	615	0.65	0.75	0.7	0.7
muscle	473	300	525	196	127	331	215	327	0.35	0.45	0.6	0.467
mustard	181	163	261	227	114	112	138	200	0.3	0.5	0.75	0.517
nag	272	363	304	380	318	327	341	315	0.35	0.35	0.65	0.45
nail	164	168	188	189	104	177	147	164	0.4	0.45	0.7	0.517
napkin	100	160	250	170	100	135	138	130	0.35	0.5	0.6	0.483
nation	392	519	233	212	352	288	430	332	0.25	0.35	0.5	0.367
navigator	530	569	619	481	578	596	603	526	0.3	0.45	0.65	0.467
navy	385	526	504	304	329	339	402	352	0.55	0.75	0.8	0.7
neck	391	224	496	150	127	413	215	261	0.3	0.55	0.65	0.5
necklace	138	124	332	116	100	152	141	137	0.2	0.4	0.55	0.383
needle	100	164	281	169	132	130	162	141	0.45	0.5	0.65	0.533
neighbor	650	465	533	648	576	608	552	644	0.25	0.5	0.55	0.433
nephew	685	443	596	616	618	629	587	666	0.4	0.55	0.45	0.467
nerve	500	344	326	196	188	267	266	357	0.15	0.55	0.5	0.4
nest	162	216	181	164	126	150	176	162	0.35	0.55	0.45	0.45
net	113	188	276	169	133	131	169	146	0.3	0.5	0.7	0.5
newspaper	138	256	275	196	108	164	167	153	0.4	0.6	0.65	0.55
nickel	120	123	308	135	104	114	136	139	0.3	0.4	0.45	0.383
niece	654	479	631	583	562	641	559	620	0.4	0.7	0.8	0.633
nightgown	112	154	304	165	133	196	170	139	0.55	0.7	0.9	0.717
nomad	622	395	630	560	520	552	500	601	0.3	0.45	0.55	0.433
nose	422	256	371	155	110	343	202	277	0.3	0.45	0.7	0.483
nun	652	496	533	384	559	626	595	555	0.45	0.7	0.7	0.617
nurse	688	626	596	638	646	652	650	668	0.6	0.75	0.85	0.733
nursery	254	344	183	181	129	196	213	204	0.3	0.4	0.4	0.367
oak	507	212	148	427	128	130	135	434	0.55	0.7	0.7	0.65
oar	104	215	465	182	100	120	145	142	0.35	0.35	0.55	0.417
oatmeal	161	165	221	244	113	138	138	188	0.25	0.65	0.75	0.55
object	125	175	308	135	113	159	161	135	0.3	0.5	0.45	0.417
ocean	334	224	543	196	133	122	173	285	0.45	0.7	0.85	0.667
octopus	685	400	600	600	400	200	360	658	0.4	0.5	0.75	0.55
office	135	329	160	196	152	196	223	150	0.2	0.7	0.5	0.467
officer	700	641	600	634	644	688	658	668	0.55	0.6	0.75	0.633
onion	412	140	244	421	108	142	103	381	0.35	0.55	0.55	0.483
operator	648	570	616	561	674	615	665	639	0.25	0.35	0.7	0.433
opponent	628	496	612	548	642	554	618	628	0.4	0.55	0.6	0.517
orange	476	126	287	383	117	160	116	407	0.5	0.7	0.7	0.633
orchard	512	240	175	452	133	157	145	442	0.3	0.35	0.55	0.4
orchestra	493	527	500	327	523	448	559	460	0.3	0.5	0.65	0.483
oregano	328	196	195	363	116	156	133	312	0.5	0.4	0.6	0.5
organ	463	300	258	228	120	260	199	328	0.5	0.65	0.8	0.65
ornament	108	175	232	200	100	123	136	144	0.3	0.5	0.55	0.45
orthodontist	675	654	596	628	664	656	672	661	0.55	0.7	0.65	0.633
otter	595	292	619	604	380	238	322	607	0.4	0.7	0.85	0.65
outfit	108	211	275	144	116	252	182	114	0.3	0.3	0.45	0.35
outlaw	659	479	565	533	538	600	545	604	0.25	0.55	0.7	0.5
oven	100	238	192	161	115	131	170	125	0.35	0.4	0.65	0.467
owl	688	361	620	615	496	214	422	692	0.45	0.75	0.8	0.667
owner	654	587	492	631	636	600	629	650	0.35	0.3	0.6	0.417
ox	692	346	585	621	338	204	298	653	0.55	0.9	0.85	0.767
oyster	660	204	367	531	246	167	208	587	0.35	0.7	0.75	0.6
package	124	174	429	162	104	154	147	145	0.2	0.4	0.6	0.4
page	150	196	328	165	115	181	165	155	0.5	0.6	0.6	0.567
painter	639	574	624	607	627	638	626	632	0.35	0.5	0.6	0.483
pal	654	425	541	586	565	600	544	628	0.35	0.55	0.5	0.467
palace	113	248	141	139	121	158	185	121	0.35	0.65	0.7	0.567
palm	423	187	470	244	142	277	184	330	0.3	0.5	0.55	0.45
pan	105	167	291	156	104	160	148	127	0.55	0.4	0.6	0.517
panther	688	354	656	609	458	233	395	679	0.25	0.7	0.8	0.583
pants	100	174	292	152	163	184	198	137	0.5	0.55	0.7	0.583
paper	107	173	320	154	100	167	148	127	0.65	0.75	0.75	0.717
parade	317	259	596	208	196	280	246	276	0.3	0.5	0.5	0.433
parcel	108	204	376	116	129	123	177	130	0.2	0.4	0.65	0.417
parent	685	652	623	642	642	642	651	667	0.2	0.6	0.7	0.5
park	276	228	185	118	122	158	186	207	0.15	0.5	0.6	0.417
parrot	676	320	645	646	359	243	308	657	0.4	0.65	0.65	0.567
parsley	450	173	225	454	112	139	109	411	0.5	0.55	0.65	0.567
partner	657	537	586	658	604	612	588	655	0.25	0.3	0.4	0.317
passenger	658	424	568	567	585	632	566	626	0.4	0.6	0.8	0.6
paste	107	214	183	158	117	148	169	128	0.2	0.4	0.8	0.467
pasture	289	209	161	212	156	143	190	255	0.3	0.5	0.6	0.467
path	126	283	124	156	108	122	176	132	0.35	0.45	0.7	0.5
patriot	661	478	560	571	614	561	591	643	0.3	0.4	0.65	0.45
peach	492	167	192	483	133	119	117	450	0.45	0.65	0.65	0.583
peak	117	186	158	154	126	138	168	136	0.25	0.2	0.35	0.267
peanut	392	140	226	371	118	150	120	356	0.35	0.55	0.65	0.517
pear	412	127	204	343	120	133	122	361	0.4	0.55	0.55	0.5
pearl	177	208	224	208	116	144	158	184	0.4	0.5	0.8	0.567
pebble	104	130	233	138	120	168	156	125	0.3	0.6	0.55	0.483
pedal	150	196	464	131	126	152	174	156	0.1	0.45	0.5	0.35
pedestrian	670	512	640	657	633	664	611	667	0.15	0.4	0.7	0.417
peer	526	404	529	540	565	512	534	556	0.35	0.3	0.5	0.383
pen	104	238	425	179	108	157	162	136	0.6	0.6	0.85	0.683
pencil	112	179	365	192	100	125	137	148	0.45	0.35	0.65	0.483
pendulum	116	286	496	167	135	130	191	149	0.35	0.55	0.6	0.5
penguin	692	319	574	657	396	250	335	676	0.45	0.55	0.75	0.583
people	684	540	642	665	638	656	618	678	0.55	0.6	0.65	0.6
pepper	239	163	243	316	119	124	129	258	0.25	0.45	0.7	0.467
person	681	532	662	644	654	688	637	672	0.2	0.4	0.45	0.35
pest	604	308	535	600	320	283	289	583	0.35	0.35	0.6	0.433
pet	681	377	622	592	424	271	383	653	0.35	0.6	0.7	0.55
phantom	283	296	436	181	255	329	310	251	0.45	0.5	0.65	0.533
philosopher	670	572	554	577	648	654	650	641	0.4	0.7	0.8	0.633
phone	104	235	333	125	117	141	177	121	0.3	0.4	0.55	0.417
photo	112	192	260	167	123	236	177	127	0.15	0.2	0.3	0.217
physician	695	671	596	675	636	661	648	677	0.4	0.55	0.65	0.533
piano	124	215	188	142	108	133	164	132	0.35	0.5	0.55	0.467
pickle	241	119	212	170	128	137	153	217	0.4	0.7	0.55	0.55
picture	122	196	200	171	115	193	167	135	0.3	0.45	0.6	0.45
pier	105	204	184	179	100	131	148	131	0.3	0.75	0.8	0.617
pig	677	284	609	626	358	246	303	651	0.35	0.65	0.75	0.583
pigeon	683	317	642	648	323	252	281	650	0.35	0.65	0.65	0.55
pillow	112	185	224	129	141	148	184	131	0.35	0.55	0.7	0.533
pilot	664	632	600	625	625	610	632	650	0.45	0.55	0.75	0.583
pimple	300	157	227	227	122	223	159	252	0.35	0.6	0.65	0.533
pine	496	224	220	427	136	125	142	433	0.3	0.5	0.8	0.533
pipe	108	254	180	156	112	148	175	123	0.45	0.55	0.65	0.55
pirate	664	483	600	552	583	639	582	621	0.35	0.7	0.7	0.583
pistol	135	204	308	154	100	156	154	141	0.35	0.35	0.55	0.417
piston	120	305	513	191	167	105	212	171	0.4	0.6	0.5	0.5
pitcher	335	338	542	361	348	336	360	361	0.1	0.45	0.5	0.35
plane	108	304	629	130	142	170	211	134	0.5	0.75	0.65	0.633
planet	480	374	516	239	274	168	315	402	0.4	0.75	0.75	0.633
plant	590	296	278	504	129	196	150	495	0.35	0.6	0.75	0.567
plasma	358	208	367	288	174	239	201	317	0.55	0.6	0.75	0.633
plate	119	170	263	157	113	140	153	139	0.3	0.5	0.8	0.533
platform	100	179	150	135	104	125	152	117	0.2	0.3	0.4	0.3
player	660	617	622	509	622	640	650	609	0.25	0.3	0.35	0.3
pledge	167	347	200	204	162	184	231	175	0.4	0.65	0.6	0.55
pliers	108	242	356	177	108	104	157	142	0.25	0.4	0.6	0.417
plum	452	173	225	404	100	136	108	394	0.35	0.45	0.5	0.433
plumber	689	612	584	650	577	588	585	661	0.6	0.55	0.7	0.617
pocket	107	162	208	115	108	142	156	117	0.2	0.35	0.35	0.3
poet	648	576	560	604	600	646	609	625	0.4	0.65	0.45	0.5
poison	138	222	273	188	148	115	184	170	0.4	0.65	0.8	0.617
pole	100	144	191	168	108	123	140	132	0.35	0.75	0.6	0.567
policeman	669	596	642	600	630	648	636	645	0.6	0.75	0.75	0.7
politician	685	640	668	620	563	630	590	642	0.35	0.6	0.6	0.517
pony	696	328	600	579	420	212	364	666	0.35	0.55	0.65	0.517
pool	119	158	232	113	108	156	157	122	0.35	0.55	0.8	0.567
pope	696	600	572	468	648	658	676	621	0.5	0.7	0.6	0.6
population	556	422	484	519	542	477	521	561	0.2	0.55	0.7	0.483
porcupine	689	319	552	612	388	244	336	658	0.4	0.6	0.45	0.483
pork	322	188	259	226	122	204	165	265	0.3	0.6	0.6	0.5
portrait	104	204	186	148	130	259	192	113	0.2	0.65	0.65	0.5
potato	517	132	183	392	137	180	135	431	0.5	0.7	0.6	0.6
prairie	289	148	170	232	161	142	176	267	0.25	0.4	0.65	0.433
preacher	671	613	600	600	664	667	668	651	0.4	0.45	0.6	0.483
predator	674	552	652	617	476	423	478	642	0.4	0.7	0.8	0.633
president	667	692	619	639	646	624	662	657	0.3	0.55	0.75	0.533
prey	504	421	562	504	361	322	365	500	0.45	0.55	0.6	0.533
priest	658	604	554	489	648	656	672	606	0.35	0.5	0.7	0.517
primate	680	377	585	600	431	371	400	643	0.2	0.5	0.7	0.467
prince	665	584	563	600	648	650	648	646	0.55	0.7	0.9	0.717
princess	681	529	552	637	574	627	570	651	0.45	0.7	0.8	0.65
principal	646	600	567	608	604	670	620	622	0.4	0.5	0.7	0.533
prison	112	308	120	141	200	235	268	129	0.35	0.5	0.55	0.467
prisoner	652	377	508	574	596	636	563	629	0.45	0.65	0.8	0.633
prize	127	223	248	161	108	156	164	138	0.4	0.35	0.5	0.417
producer	646	600	536	574	644	627	650	628	0.45	0.65	0.55	0.55
professor	688	657	575	607	679	677	691	662	0.4	0.6	0.7	0.567
property	165	257	180	165	136	146	193	165	0.15	0.2	0.45	0.267
proprietor	622	533	504	642	613	562	591	638	0.2	0.5	0.6	0.433
pudding	119	204	246	167	119	133	164	143	0.35	0.6	0.75	0.567
puddle	121	146	264	200	116	146	143	156	0.45	0.75	0.65	0.617
pupil	589	492	565	476	621	500	606	584	0.6	0.6	0.65	0.617
puppy	696	288	662	476	368	208	332	625	0.6	0.6	0.7	0.633
purse	121	262	276	160	123	128	181	141	0.25	0.7	0.75	0.567
puzzle	105	219	276	168	104	143	157	129	0.1	0.45	0.6	0.383
pyramid	112	246	121	165	122	121	176	133	0.4	0.45	0.6	0.483
quarter	100	142	288	168	136	135	161	142	0.25	0.5	0.75	0.5
queen	675	633	570	604	621	661	640	641	0.35	0.65	0.75	0.583
quilt	107	150	196	150	113	127	149	132	0.25	0.4	0.55	0.4
rabbi	696	570	563	526	588	625	609	627	0.45	0.75	0.75	0.65
rabbit	667	290	658	630	363	233	304	651	0.5	0.6	0.65	0.583
raccoon	688	300	572	625	458	252	383	682	0.4	0.65	0.75	0.6
racket	104	165	386	188	119	144	151	147	0.05	0.15	0.5	0.233
radio	113	275	254	230	109	152	164	149	0.5	0.6	0.8	0.633
raft	104	233	515	183	104	187	160	136	0.2	0.45	0.65	0.433
rail	108	154	215	146	120	146	158	130	0.45	0.65	0.7	0.6
railroad	124	285	264	142	152	142	213	141	0.25	0.5	0.6	0.45
rain	160	192	593	204	108	136	143	186	0.5	0.75	0.7	0.65
rainbow	170	171	319	204	154	158	179	193	0.6	0.6	0.7	0.633
ram	689	288	600	580	337	186	288	645	0.4	0.5	0.6	0.5
raspberry	446	150	265	450	112	162	106	407	0.3	0.8	0.75	0.617
rat	656	348	658	621	336	204	296	635	0.5	0.7	0.9	0.7
razor	104	208	309	142	121	105	166	133	0.4	0.6	0.75	0.583
reader	562	488	463	508	571	592	576	549	0.25	0.55	0.7	0.5
rebel	619	512	535	584	596	567	584	615	0.1	0.55	0.55	0.4
receipt	119	178	208	156	141	146	178	144	0.4	0.5	0.65	0.517
receptionist	666	559	538	609	616	631	614	643	0.3	0.55	0.75	0.533
reef	460	188	196	400	169	138	165	414	0.4	0.5	0.7	0.533
referee	668	581	592	579	619	696	635	628	0.3	0.4	0.7	0.467
refrigerator	126	214	165	167	142	145	186	148	0.65	0.8	0.75	0.733
region	188	296	162	183	138	114	196	184	0.2	0.2	0.4	0.267
reindeer	641	304	617	621	433	228	362	653	0.5	0.6	0.65	0.583
relation	264	263	336	331	221	314	250	277	0.25	0.4	0.35	0.333
reptile	633	250	573	612	396	236	324	636	0.2	0.4	0.55	0.383
republic	248	496	136	243	277	274	360	241	0.25	0.4	0.6	0.417
republican	677	542	480	624	576	613	576	644	0.7	0.7	0.75	0.717
resort	173	289	126	158	123	158	194	157	0.3	0.35	0.55	0.4
restaurant	108	358	175	132	121	152	211	112	0.45	0.6	0.6	0.55
rib	372	171	252	137	108	323	182	247	0.45	0.55	0.65	0.55
ribbon	100	177	276	146	113	130	155	127	0.3	0.45	0.65	0.467
rice	269	178	212	292	112	167	138	257	0.3	0.65	0.75	0.567
rider	619	420	581	554	529	517	509	601	0.3	0.55	0.65	0.5
rifle	100	248	317	104	117	178	188	106	0.4	0.6	0.7	0.567
ring	130	221	232	121	124	136	180	134	0.4	0.35	0.6	0.45
river	291	181	627	268	156	144	168	292	0.55	0.6	0.7	0.617
roach	673	258	608	625	287	215	239	634	0.2	0.6	0.8	0.533
robber	604	526	631	624	589	596	577	616	0.15	0.35	0.4	0.3
robe	127	188	283	137	104	168	158	131	0.35	0.45	0.6	0.467
robin	663	332	616	558	357	213	320	624	0.3	0.7	0.8	0.6
robot	138	393	500	181	264	279	331	177	0.4	0.5	0.6	0.5
rock	116	130	162	182	124	108	145	152	0.45	0.5	0.75	0.567
rocket	119	393	600	121	142	144	230	135	0.4	0.6	0.6	0.533
rodent	675	321	612	596	412	225	354	657	0.35	0.5	0.65	0.5
roof	100	208	168	129	108	124	163	115	0.4	0.65	0.65	0.567
roommate	696	412	619	620	552	664	533	653	0.25	0.45	0.45	0.383
rooster	692	361	615	586	373	177	330	656	0.35	0.45	0.5	0.433
root	448	208	226	359	122	164	143	378	0.15	0.4	0.4	0.317
ruby	132	177	200	161	100	129	144	143	0.15	0.4	0.6	0.383
ruler	232	390	273	283	320	417	377	249	0.35	0.4	0.55	0.433
runner	676	563	667	607	553	624	566	636	0.35	0.65	0.9	0.633
rye	420	163	215	304	107	150	129	346	0.35	0.55	0.65	0.517
sack	121	163	204	185	108	161	147	143	0.35	0.65	0.6	0.533
saddle	144	204	232	109	115	167	176	133	0.4	0.35	0.55	0.433
sage	483	254	326	426	208	246	217	433	0.2	0.55	0.6	0.45
sailor	676	558	608	628	604	680	608	647	0.3	0.55	0.65	0.5
saint	438	537	519	428	611	588	627	468	0.35	0.7	0.65	0.567
salad	232	140	196	121	142	123	175	200	0.3	0.45	0.55	0.433
salesman	662	583	623	608	593	688	609	628	0.25	0.4	0.5	0.383
salmon	687	279	615	639	321	164	261	661	0.3	0.35	0.6	0.417
salt	100	144	219	196	100	136	131	138	0.5	0.75	0.8	0.683
sap	221	191	315	246	150	113	169	237	0.25	0.5	0.75	0.5
sapphire	138	128	238	208	126	152	147	170	0.6	0.55	0.6	0.583
savior	496	564	565	463	608	596	627	508	0.35	0.55	0.8	0.567
saxophone	104	195	252	188	146	136	178	149	0.3	0.45	0.4	0.383
scale	113	208	270	175	108	125	154	140	0.2	0.25	0.45	0.3
scapegoat	530	300	421	427	400	483	402	483	0.5	0.55	0.7	0.583
scar	235	132	167	140	143	196	181	198	0.3	0.5	0.6	0.467
scarf	104	158	345	119	123	164	167	123	0.4	0.6	0.75	0.583
school	119	424	167	200	138	276	244	123	0.35	0.6	0.7	0.55
scientist	674	658	604	638	667	644	672	665	0.35	0.65	0.7	0.567
scissors	131	213	341	161	133	141	178	153	0.3	0.4	0.55	0.417
scout	596	564	624	513	555	588	578	566	0.2	0.35	0.35	0.3
screw	104	176	279	117	115	121	161	122	0.3	0.4	0.6	0.433
seagull	684	323	631	621	417	200	351	675	0.25	0.65	0.65	0.517
seal	607	283	596	569	408	192	342	616	0.15	0.65	0.65	0.483
seat	119	213	208	135	146	100	188	143	0.3	0.5	0.55	0.45
secretary	654	560	581	615	593	664	599	629	0.2	0.3	0.65	0.383
seed	404	241	232	485	121	174	130	389	0.3	0.55	0.45	0.433
self	648	561	615	535	641	620	643	622	0.15	0.3	0.45	0.3
seller	622	565	520	565	600	619	609	602	0.3	0.45	0.5	0.417
senate	485	564	433	367	473	438	523	450	0.3	0.7	0.85	0.617
senator	691	636	544	622	588	656	613	645	0.45	0.6	0.65	0.567
sergeant	670	628	604	620	648	665	656	652	0.3	0.35	0.4	0.35
serpent	661	300	635	565	380	208	328	635	0.35	0.45	0.7	0.5
servant	644	452	596	626	596	655	573	636	0.3	0.45	0.6	0.45
shadow	115	127	492	183	109	272	150	138	0.4	0.45	0.6	0.483
shark	685	433	632	604	396	200	364	657	0.6	0.7	0.8	0.7
sheep	675	295	585	638	382	243	321	659	0.45	0.7	0.7	0.617
sheet	127	126	268	144	100	164	139	136	0.4	0.65	0.6	0.55
shell	144	186	296	138	127	146	172	151	0.45	0.55	0.65	0.55
shelter	142	278	189	179	112	124	174	151	0.4	0.6	0.55	0.517
shepherd	658	523	617	638	589	560	571	655	0.4	0.75	0.65	0.6
sheriff	656	586	581	604	656	679	657	641	0.45	0.65	0.8	0.633
shield	130	280	296	158	116	138	181	142	0.2	0.35	0.6	0.383
ship	127	230	586	171	115	154	165	155	0.3	0.3	0.55	0.383
shirt	100	195	240	139	156	156	197	131	0.1	0.45	0.8	0.45
shoe	104	146	440	112	114	180	159	120	0.25	0.45	0.5	0.4
shorts	100	154	279	193	123	130	149	146	0.5	0.7	0.85	0.683
shoulder	424	246	473	172	104	393	198	279	0.55	0.6	0.75	0.633
shovel	100	211	338	125	100	129	156	117	0.55	0.55	0.8	0.633
shrimp	643	217	560	613	248	180	198	609	0.55	0.7	0.75	0.667
sibling	676	454	582	642	604	625	574	664	0.45	0.7	0.7	0.617
singer	696	569	564	607	592	646	601	651	0.35	0.55	0.6	0.5
siren	121	319	304	150	117	165	196	129	0.25	0.3	0.4	0.317
sister	689	500	556	630	615	676	602	660	0.45	0.8	0.8	0.683
site	115	256	136	133	104	123	171	120	0.3	0.4	0.6	0.433
skeleton	169	223	274	136	115	467	214	116	0.45	0.6	0.7	0.583
skillet	107	192	300	165	121	148	164	137	0.35	0.45	0.55	0.45
skin	574	217	235	364	171	378	211	435	0.45	0.5	0.55	0.5
skirt	104	170	324	137	104	189	156	119	0.35	0.7	0.7	0.583
skull	250	238	263	140	115	348	203	176	0.45	0.65	0.65	0.583
skunk	654	360	600	625	313	229	285	623	0.4	0.65	0.75	0.6
sky	167	242	283	152	112	114	168	163	0.3	0.7	0.7	0.567
skyscraper	157	300	162	114	157	135	226	149	0.3	0.7	0.75	0.583
slave	688	471	574	585	582	600	568	649	0.15	0.45	0.65	0.417
sleeve	116	167	338	125	105	156	153	127	0.2	0.5	0.5	0.4
sleigh	108	171	546	154	104	130	143	141	0.2	0.35	0.55	0.367
slug	627	272	409	564	252	228	230	570	0.3	0.6	0.45	0.45
slum	219	204	179	219	128	163	168	210	0.55	0.45	0.5	0.5
snail	632	261	411	550	243	215	221	569	0.55	0.65	0.6	0.6
snake	681	317	563	659	389	200	322	674	0.6	0.55	0.7	0.617
snob	608	385	512	571	529	604	510	588	0.3	0.45	0.65	0.467
snow	112	117	471	180	137	131	151	161	0.45	0.5	0.75	0.567
soap	115	216	268	196	104	152	152	143	0.3	0.45	0.5	0.417
society	426	592	350	471	500	421	530	454	0.25	0.5	0.5	0.417
sock	109	181	286	173	108	165	152	134	0.2	0.6	0.7	0.5
soda	117	146	254	142	125	148	161	137	0.45	0.6	0.7	0.583
sofa	100	150	185	158	108	123	144	129	0.5	0.5	0.65	0.55
soil	321	179	207	193	129	129	164	265	0.25	0.4	0.7	0.45
soldier	684	574	617	584	652	676	654	652	0.25	0.65	0.55	0.483
son	700	496	619	600	632	628	612	671	0.65	0.9	0.8	0.783
soul	471	379	358	192	354	456	423	361	0.3	0.25	0.6	0.383
spade	122	120	296	178	126	108	143	160	0.2	0.6	0.6	0.467
sparrow	667	300	648	640	329	183	274	650	0.25	0.5	0.75	0.5
spatula	100	173	252	117	113	133	160	117	0.3	0.45	0.55	0.433
speaker	504	439	335	448	493	538	509	482	0.25	0.3	0.5	0.35
sphere	120	138	258	174	158	120	175	163	0.35	0.5	0.6	0.483
sphinx	215	167	271	160	148	133	179	205	0.35	0.5	0.45	0.433
spice	165	238	284	191	123	148	173	174	0.45	0.45	0.6	0.5
spider	659	261	612	630	272	179	223	628	0.5	0.8	0.75	0.683
spinach	452	170	264	379	131	124	132	398	0.6	0.8	0.65	0.683
spine	426	243	380	181	142	316	215	301	0.35	0.3	0.4	0.35
spirit	341	354	452	152	322	377	387	284	0.35	0.65	0.65	0.55
spoon	108	179	259	109	122	146	171	120	0.35	0.4	0.5	0.417
spring	236	216	308	204	122	127	163	221	0.25	0.5	0.55	0.433
spy	624	557	597	574	623	615	622	616	0.4	0.5	0.65	0.517
squad	358	570	636	400	450	488	503	385	0.2	0.5	0.45	0.383
squirrel	663	305	679	631	419	244	351	664	0.4	0.7	0.6	0.567
staff	496	448	487	433	458	543	486	468	0.25	0.35	0.5	0.367
stallion	638	327	619	580	411	218	356	632	0.4	0.6	0.45	0.483
star	300	162	379	204	133	204	169	256	0.2	0.6	0.7	0.5
state	225	346	129	162	157	146	231	195	0.6	0.55	0.9	0.683
station	132	255	148	176	104	143	166	140	0.3	0.45	0.6	0.45
statue	104	170	138	156	100	292	165	103	0.3	0.35	0.45	0.367
steam	116	154	558	137	119	174	158	141	0.25	0.55	0.45	0.417
steeple	117	162	122	132	118	139	161	128	0.5	0.65	0.6	0.583
stem	396	191	265	267	143	164	170	330	0.5	0.65	0.65	0.6
stew	150	181	280	144	100	204	157	140	0.25	0.4	0.5	0.383
stewardess	650	515	654	573	592	585	584	630	0.25	0.5	0.7	0.483
stick	216	117	276	208	108	156	132	209	0.45	0.55	0.65	0.55
stomach	544	241	380	172	142	315	218	363	0.25	0.6	0.4	0.417
stone	108	150	193	173	108	109	139	140	0.3	0.25	0.6	0.383
stool	100	190	248	188	100	132	142	134	0.3	0.55	0.65	0.5
storm	136	248	604	231	152	130	184	191	0.4	0.6	0.7	0.567
stove	100	231	156	159	126	141	178	125	0.25	0.3	0.65	0.4
stranger	681	404	589	631	600	624	560	666	0.15	0.35	0.65	0.383
straw	169	192	191	186	109	161	155	168	0.15	0.25	0.5	0.3
strawberry	500	177	254	418	117	181	125	424	0.7	0.7	0.9	0.767
stream	243	215	608	168	133	158	178	224	0.4	0.5	0.65	0.517
street	132	256	157	163	104	136	167	137	0.25	0.3	0.6	0.383
string	100	163	346	136	125	137	163	130	0.35	0.45	0.6	0.467
stud	327	283	304	452	232	365	251	343	0.15	0.35	0.35	0.283
student	680	586	603	615	619	671	626	649	0.5	0.65	0.85	0.667
stump	200	130	174	167	130	127	156	193	0.25	0.45	0.5	0.4
submarine	132	327	548	132	141	178	218	143	0.35	0.5	0.6	0.483
sugar	165	181	224	174	117	137	157	170	0.35	0.45	0.55	0.45
summer	130	188	292	175	118	128	157	154	0.4	0.5	0.65	0.517
sun	344	312	407	208	104	150	175	271	0.35	0.55	0.65	0.517
sunset	188	196	432	200	158	146	186	207	0.3	0.65	0.75	0.567
supervisor	683	578	588	563	663	620	660	653	0.35	0.55	0.7	0.533
supper	121	200	239	168	127	156	172	143	0.2	0.5	0.8	0.5
surgeon	679	617	548	638	681	677	678	668	0.35	0.6	0.6	0.517
swamp	336	158	168	207	119	133	151	274	0.25	0.55	0.55	0.45
sweat	181	215	396	196	113	183	163	182	0.3	0.4	0.45	0.383
sweetheart	636	413	519	578	612	500	564	641	0.45	0.6	0.6	0.55
swimmer	674	523	613	638	588	667	584	649	0.25	0.6	0.75	0.533
sword	164	188	429	168	138	122	171	182	0.45	0.5	0.65	0.533
symphony	346	446	433	282	308	243	359	333	0.3	0.45	0.7	0.483
synagogue	171	330	176	127	188	212	264	158	0.65	0.65	0.75	0.683
syrup	148	146	319	118	128	136	165	152	0.25	0.45	0.5	0.4
table	119	188	185	115	117	159	171	121	0.5	0.85	0.8	0.717
tail	363	196	554	150	126	188	177	278	0.45	0.75	0.55	0.583
tangerine	454	157	177	404	100	133	104	394	0.4	0.6	0.7	0.567
tank	136	238	396	164	119	173	176	149	0.35	0.5	0.6	0.483
tea	204	150	275	200	119	136	147	203	0.35	0.55	0.6	0.5
teacher	677	638	609	652	675	652	672	674	0.4	0.75	0.8	0.65
team	550	596	550	535	468	579	516	520	0.2	0.5	0.55	0.417
technician	688	592	554	572	663	669	669	651	0.4	0.75	0.85	0.667
teenager	688	464	636	569	596	688	590	640	0.55	0.8	0.85	0.733
telescope	108	238	229	159	130	150	183	132	0.25	0.5	0.4	0.383
teller	676	521	576	578	588	592	585	640	0.55	0.7	0.75	0.667
temple	129	288	116	150	144	168	211	135	0.25	0.45	0.6	0.433
tenor	426	273	380	458	536	427	484	481	0.2	0.3	0.4	0.3
tent	104	191	261	132	104	137	155	120	0.35	0.6	0.8	0.583
termite	608	313	583	661	276	163	230	609	0.35	0.35	0.65	0.45
territory	113	274	174	148	126	200	198	119	0.4	0.75	0.65	0.6
thermometer	100	237	319	104	136	160	197	115	0.35	0.6	0.75	0.567
thief	692	513	627	596	600	600	589	659	0.4	0.7	0.75	0.617
thigh	512	192	420	155	137	383	213	334	0.4	0.7	0.65	0.583
thing	207	188	373	220	125	211	165	205	0.35	0.55	0.75	0.55
thorn	320	175	243	196	108	148	149	258	0.25	0.45	0.6	0.433
thread	127	155	243	171	104	146	142	145	0.25	0.45	0.65	0.45
throat	500	261	373	133	122	296	211	322	0.4	0.6	0.7	0.567
throne	115	207	142	188	132	192	179	139	0.35	0.55	0.55	0.483
thumb	480	312	517	187	130	343	224	326	0.35	0.55	0.65	0.517
thunder	165	217	435	222	117	136	154	190	0.45	0.7	0.7	0.617
ticket	128	263	211	173	146	137	198	151	0.25	0.45	0.65	0.45
tide	175	233	577	218	111	136	153	197	0.2	0.4	0.5	0.367
tiger	657	356	619	600	419	250	370	645	0.35	0.6	0.85	0.6
timber	256	185	292	193	124	136	161	230	0.2	0.6	0.75	0.517
toad	659	258	596	668	300	196	239	646	0.25	0.5	0.55	0.433
toast	165	152	220	163	107	107	141	169	0.35	0.45	0.55	0.45
toaster	138	200	246	141	124	142	172	146	0.1	0.45	0.55	0.367
tobacco	308	214	208	277	138	126	165	285	0.5	0.6	0.65	0.583
toe	561	261	492	163	119	376	213	358	0.25	0.7	0.65	0.533
toilet	104	204	162	100	100	172	167	100	0.15	0.45	0.45	0.35
tomato	556	221	226	400	129	142	144	454	0.5	0.65	0.65	0.6
tongue	413	204	542	216	130	324	190	308	0.2	0.35	0.75	0.433
tool	123	304	362	138	119	133	191	133	0.5	0.5	0.65	0.55
tooth	383	196	244	138	138	273	203	266	0.35	0.45	0.6	0.467
tornado	181	232	675	152	179	131	214	203	0.35	0.6	0.7	0.55
tortoise	693	336	408	622	376	277	336	649	0.55	0.55	0.65	0.583
tourist	670	525	635	642	588	658	582	650	0.15	0.25	0.55	0.317
towel	108	117	304	127	119	150	151	129	0.15	0.55	0.6	0.433
tower	119	163	116	146	104	128	147	130	0.35	0.55	0.7	0.533
town	283	342	145	304	200	274	256	267	0.3	0.35	0.65	0.433
toy	120	208	471	152	112	152	162	142	0.6	0.6	0.55	0.583
tractor	163	288	500	150	114	152	183	161	0.45	0.75	0.8	0.667
trail	146	231	145	133	126	140	184	143	0.35	0.6	0.55	0.5
trailer	140	182	396	150	100	146	147	149	0.35	0.6	0.65	0.533
train	100	317	624	144	131	132	198	135	0.3	0.6	0.6	0.5
traitor	633	491	532	592	529	612	533	602	0.15	0.5	0.5	0.383
trash	131	148	280	184	104	152	139	152	0.25	0.4	0.5	0.383
tray	110	184	245	174	129	136	165	143	0.35	0.55	0.6	0.5
tree	577	181	224	500	111	148	105	493	0.5	0.7	0.85	0.683
triangle	105	146	219	124	117	112	153	126	0.35	0.6	0.65	0.533
tribe	600	533	519	564	558	504	555	594	0.35	0.6	0.7	0.55
trombone	108	221	357	138	127	156	180	130	0.3	0.55	0.55	0.467
trophy	115	200	178	131	100	142	157	121	0.3	0.2	0.6	0.367
trout	679	242	578	639	317	269	263	643	0.6	0.55	0.75	0.633
truck	104	308	612	120	115	162	193	122	0.55	0.65	0.75	0.65
trumpet	143	222	292	163	135	146	182	158	0.25	0.4	0.35	0.333
trunk	148	165	204	104	104	150	157	134	0.15	0.4	0.55	0.367
tube	111	156	180	177	112	139	146	139	0.35	0.4	0.65	0.467
tulip	665	173	232	548	138	163	119	563	0.35	0.55	0.55	0.483
tumor	480	279	292	454	144	221	168	422	0.3	0.45	0.4	0.383
tuna	646	222	600	600	309	216	251	620	0.4	0.75	0.85	0.667
tunnel	117	204	143	154	118	126	165	134	0.3	0.45	0.45	0.4
turkey	671	300	614	628	373	224	314	655	0.45	0.65	0.65	0.583
turnip	461	135	213	465	113	154	100	420	0.3	0.5	0.7	0.5
turtle	667	269	430	650	328	279	279	635	0.4	0.6	0.75	0.583
twig	285	162	254	208	104	143	139	243	0.3	0.85	0.8	0.65
twin	642	371	542	581	610	600	565	635	0.3	0.5	0.7	0.5
twister	133	300	681	158	146	148	206	163	0.4	0.45	0.6	0.483
typewriter	133	200	319	189	141	142	176	165	0.3	0.5	0.6	0.467
typhoon	188	244	612	244	135	177	174	214	0.35	0.5	0.6	0.483
ulcer	354	154	229	204	123	244	167	272	0.3	0.4	0.45	0.383
umbrella	104	197	248	164	119	148	164	132	0.5	0.6	0.65	0.583
umpire	654	462	468	595	600	600	578	635	0.3	0.55	0.55	0.467
uncle	685	473	566	629	646	683	620	668	0.5	0.75	0.9	0.717
unicorn	383	159	500	319	250	187	233	376	0.4	0.6	0.8	0.6
uniform	117	254	254	152	125	163	186	132	0.4	0.3	0.65	0.45
university	185	535	119	224	181	231	294	176	0.5	0.65	0.7	0.617
utensil	100	290	292	135	129	130	195	122	0.1	0.55	0.75	0.467
vacuum	108	248	386	139	116	135	175	129	0.25	0.55	0.6	0.467
vagrant	546	352	529	509	485	593	477	527	0.35	0.55	0.55	0.483
valley	212	148	177	161	105	139	144	188	0.35	0.4	0.45	0.4
van	100	200	638	145	120	111	159	143	0.3	0.5	0.65	0.483
vase	100	145	176	176	131	130	157	140	0.2	0.55	0.75	0.5
vegetable	504	120	220	435	116	173	108	435	0.45	0.6	0.75	0.6
vehicle	119	330	650	148	133	181	209	142	0.35	0.55	0.8	0.567
vein	484	323	238	144	123	304	227	307	0.45	0.75	0.65	0.617
venom	204	196	288	136	125	144	174	182	0.45	0.6	0.7	0.583
vessel	163	257	383	173	135	186	193	168	0.35	0.4	0.5	0.417
vest	123	183	233	167	100	167	149	136	0.35	0.7	0.6	0.55
veteran	696	533	570	588	616	674	617	650	0.35	0.65	0.6	0.533
victim	623	441	538	587	578	600	557	613	0.5	0.6	0.7	0.6
village	354	436	176	426	312	296	344	367	0.1	0.2	0.6	0.3
villain	658	542	588	616	544	617	553	625	0.55	0.6	0.85	0.667
vine	542	208	276	365	124	165	145	434	0.1	0.4	0.45	0.317
vinegar	138	200	227	158	100	132	150	145	0.2	0.3	0.5	0.333
violin	132	200	322	146	114	132	162	145	0.35	0.5	0.6	0.483
virgin	638	466	563	526	577	592	571	603	0.6	0.75	0.85	0.733
visitor	658	524	587	535	556	574	565	610	0.2	0.5	0.55	0.417
vodka	132	156	312	152	111	154	151	145	0.6	0.65	0.7	0.65
voice	296	304	405	184	163	352	246	229	0.2	0.4	0.45	0.35
volcano	283	208	283	195	130	143	171	244	0.2	0.35	0.6	0.383
volunteer	616	583	646	573	564	630	585	593	0.25	0.5	0.45	0.4
wagon	108	152	517	138	119	152	156	138	0.25	0.65	0.7	0.533
waist	340	158	392	142	157	300	209	253	0.2	0.3	0.4	0.3
waiter	700	600	611	604	588	613	601	655	0.4	0.6	0.6	0.533
waitress	700	548	678	604	564	659	576	648	0.35	0.65	0.75	0.583
wallet	100	209	321	154	123	148	171	130	0.3	0.45	0.55	0.433
walnut	364	150	264	346	111	132	118	334	0.35	0.55	0.75	0.55
walrus	691	261	541	668	365	219	293	676	0.45	0.55	0.75	0.583
warehouse	104	252	128	122	107	127	174	110	0.25	0.45	0.7	0.467
warrior	687	589	643	662	583	637	588	663	0.35	0.65	0.7	0.567
wart	407	176	163	292	104	179	136	328	0.4	0.65	0.7	0.583
wasp	658	246	669	588	319	221	267	626	0.25	0.5	0.65	0.467
wave	171	192	654	243	158	138	173	220	0.4	0.7	0.6	0.567
wax	124	139	208	176	124	152	153	150	0.25	0.6	0.6	0.483
weapon	108	281	315	252	113	156	164	156	0.45	0.5	0.7	0.55
weather	241	213	504	183	170	158	203	234	0.35	0.6	0.65	0.533
web	196	231	307	192	160	180	203	199	0.25	0.45	0.85	0.517
weed	500	192	428	508	150	154	133	470	0.45	0.6	0.5	0.517
whale	673	289	573	635	442	264	368	671	0.7	0.8	0.75	0.75
wheat	456	208	337	429	127	132	130	414	0.25	0.5	0.6	0.45
wheel	104	250	596	148	122	174	181	134	0.2	0.5	0.65	0.45
whip	100	185	369	142	119	184	168	124	0.25	0.5	0.6	0.45
whiskey	112	188	248	158	120	117	160	139	0.5	0.55	0.6	0.55
whistle	114	176	311	155	112	148	155	136	0.3	0.35	0.6	0.417
wife	693	565	554	617	617	664	620	657	0.45	0.7	0.8	0.65
wilderness	440	232	254	304	157	142	182	369	0.45	0.75	0.7	0.633
wind	119	172	643	179	138	129	163	168	0.4	0.7	0.7	0.6
winter	156	233	246	181	100	124	154	161	0.2	0.6	0.6	0.467
witch	480	420	558	426	514	571	525	473	0.55	0.65	0.75	0.65
witness	604	558	508	543	588	617	602	582	0.3	0.55	0.7	0.517
wolf	677	435	633	600	407	227	377	651	0.4	0.6	0.6	0.533
woman	684	523	612	652	681	632	647	690	0.6	0.85	0.9	0.783
wood	288	138	171	215	100	117	127	248	0.4	0.7	0.65	0.583
wool	177	135	220	186	135	132	157	188	0.35	0.45	0.7	0.5
worker	681	563	588	620	624	646	621	657	0.35	0.5	0.75	0.533
world	408	452	432	239	269	238	339	344	0.3	0.55	0.8	0.55
worm	681	226	485	556	244	215	213	603	0.3	0.55	0.75	0.533
wrist	428	186	542	196	125	341	187	308	0.4	0.55	0.65	0.533
writer	680	613	514	604	642	636	648	652	0.25	0.45	0.55	0.417
yacht	124	227	538	172	116	144	164	154	0.45	0.7	0.65	0.6
yardF	272	145	129	161	104	154	146	217	0.45	0.55	0.65	0.55
zebra	679	356	640	648	396	236	343	668	0.35	0.6	0.7	0.55
zipper	113	196	388	120	100	162	158	121	0.4	0.5	0.65	0.517
zoo	295	377	258	258	173	196	241	264	0.45	0.8	0.7	0.65
zucchini	478	185	254	408	117	196	131	406	0.55	0.65	0.85	0.683